ReadGroup,CovariateValue,CovariateName,EventType,Observations,Errors,EmpiricalQuality,AverageReportedQuality,Accuracy,Recalibration
Batch1,AA,Context,Base Substitution,50360,27.97,28.00,24.74,3.26,Before
Batch1,AAA,Context,Base Insertion,19157,0.33,45.00,45.00,0.00,Before
Batch1,AAA,Context,Base Deletion,19157,0.00,45.00,45.00,0.00,Before
Batch1,AAC,Context,Base Insertion,6829,0.33,45.00,45.00,0.00,Before
Batch1,AAC,Context,Base Deletion,6829,0.00,45.00,45.00,0.00,Before
Batch1,AAG,Context,Base Insertion,9136,0.00,45.00,45.00,0.00,Before
Batch1,AAG,Context,Base Deletion,9136,0.25,45.00,45.00,0.00,Before
Batch1,AAT,Context,Base Insertion,14771,0.00,45.00,45.00,0.00,Before
Batch1,AAT,Context,Base Deletion,14771,0.00,45.00,45.00,0.00,Before
Batch1,AC,Context,Base Substitution,24017,30.03,26.00,24.97,1.03,Before
Batch1,ACA,Context,Base Insertion,8896,0.00,45.00,45.00,0.00,Before
Batch1,ACA,Context,Base Deletion,8896,0.00,45.00,45.00,0.00,Before
Batch1,ACC,Context,Base Insertion,4755,0.00,45.00,45.00,0.00,Before
Batch1,ACC,Context,Base Deletion,4755,0.00,45.00,45.00,0.00,Before
Batch1,ACG,Context,Base Insertion,700,0.00,45.00,45.00,0.00,Before
Batch1,ACG,Context,Base Deletion,700,0.00,45.00,45.00,0.00,Before
Batch1,ACT,Context,Base Insertion,9397,0.00,45.00,45.00,0.00,Before
Batch1,ACT,Context,Base Deletion,9397,1.00,45.00,45.00,0.00,Before
Batch1,AG,Context,Base Substitution,32305,45.34,27.00,24.85,2.15,Before
Batch1,AGA,Context,Base Insertion,10696,0.00,45.00,45.00,0.00,Before
Batch1,AGA,Context,Base Deletion,10696,0.00,45.00,45.00,0.00,Before
Batch1,AGC,Context,Base Insertion,5352,0.00,45.00,45.00,0.00,Before
Batch1,AGC,Context,Base Deletion,5352,0.00,45.00,45.00,0.00,Before
Batch1,AGG,Context,Base Insertion,6661,0.33,45.00,45.00,0.00,Before
Batch1,AGG,Context,Base Deletion,6661,0.25,45.00,45.00,0.00,Before
Batch1,AGT,Context,Base Insertion,9325,0.00,45.00,45.00,0.00,Before
Batch1,AGT,Context,Base Deletion,9325,0.00,45.00,45.00,0.00,Before
Batch1,AT,Context,Base Substitution,43559,30.27,28.00,25.06,2.94,Before
Batch1,ATA,Context,Base Insertion,10909,0.00,45.00,45.00,0.00,Before
Batch1,ATA,Context,Base Deletion,10909,1.00,45.00,45.00,0.00,Before
Batch1,ATC,Context,Base Insertion,6522,0.00,45.00,45.00,0.00,Before
Batch1,ATC,Context,Base Deletion,6522,1.33,45.00,45.00,0.00,Before
Batch1,ATG,Context,Base Insertion,10927,0.00,45.00,45.00,0.00,Before
Batch1,ATG,Context,Base Deletion,10927,0.00,45.00,45.00,0.00,Before
Batch1,ATT,Context,Base Insertion,14750,0.00,45.00,45.00,0.00,Before
Batch1,ATT,Context,Base Deletion,14750,0.00,45.00,45.00,0.00,Before
Batch1,CA,Context,Base Substitution,35686,16.44,28.00,24.98,3.02,Before
Batch1,CAA,Context,Base Insertion,8998,0.00,45.00,45.00,0.00,Before
Batch1,CAA,Context,Base Deletion,8998,0.00,45.00,45.00,0.00,Before
Batch1,CAC,Context,Base Insertion,7820,0.00,45.00,45.00,0.00,Before
Batch1,CAC,Context,Base Deletion,7820,0.00,45.00,45.00,0.00,Before
Batch1,CAG,Context,Base Insertion,7854,0.00,45.00,45.00,0.00,Before
Batch1,CAG,Context,Base Deletion,7854,0.00,45.00,45.00,0.00,Before
Batch1,CAT,Context,Base Insertion,10765,5.00,45.00,45.00,0.00,Before
Batch1,CAT,Context,Base Deletion,10765,0.00,45.00,45.00,0.00,Before
Batch1,CC,Context,Base Substitution,23318,24.33,27.00,24.87,2.13,Before
Batch1,CCA,Context,Base Insertion,11490,0.00,45.00,45.00,0.00,Before
Batch1,CCA,Context,Base Deletion,11490,0.00,45.00,45.00,0.00,Before
Batch1,CCC,Context,Base Insertion,4393,0.00,45.00,45.00,0.00,Before
Batch1,CCC,Context,Base Deletion,4393,0.00,45.00,45.00,0.00,Before
Batch1,CCG,Context,Base Insertion,637,0.00,45.00,45.00,0.00,Before
Batch1,CCG,Context,Base Deletion,637,0.00,45.00,45.00,0.00,Before
Batch1,CCT,Context,Base Insertion,6544,0.00,45.00,45.00,0.00,Before
Batch1,CCT,Context,Base Deletion,6544,0.00,45.00,45.00,0.00,Before
Batch1,CG,Context,Base Substitution,2603,30.44,23.00,24.10,-1.10,Before
Batch1,CGA,Context,Base Insertion,830,0.00,45.00,45.00,0.00,Before
Batch1,CGA,Context,Base Deletion,830,0.00,45.00,45.00,0.00,Before
Batch1,CGC,Context,Base Insertion,476,0.00,45.00,45.00,0.00,Before
Batch1,CGC,Context,Base Deletion,476,0.00,45.00,45.00,0.00,Before
Batch1,CGG,Context,Base Insertion,597,0.00,45.00,45.00,0.00,Before
Batch1,CGG,Context,Base Deletion,597,0.00,45.00,45.00,0.00,Before
Batch1,CGT,Context,Base Insertion,690,0.00,45.00,45.00,0.00,Before
Batch1,CGT,Context,Base Deletion,690,0.00,45.00,45.00,0.00,Before
Batch1,CT,Context,Base Substitution,32524,20.99,27.00,24.79,2.21,Before
Batch1,CTA,Context,Base Insertion,6634,0.00,45.00,45.00,0.00,Before
Batch1,CTA,Context,Base Deletion,6634,0.00,45.00,45.00,0.00,Before
Batch1,CTC,Context,Base Insertion,8469,0.00,45.00,45.00,0.00,Before
Batch1,CTC,Context,Base Deletion,8469,1.33,45.00,45.00,0.00,Before
Batch1,CTG,Context,Base Insertion,7891,0.00,45.00,45.00,0.00,Before
Batch1,CTG,Context,Base Deletion,7891,0.33,45.00,45.00,0.00,Before
Batch1,CTT,Context,Base Insertion,9189,0.00,45.00,45.00,0.00,Before
Batch1,CTT,Context,Base Deletion,9189,1.00,45.00,45.00,0.00,Before
Batch1,GA,Context,Base Substitution,30887,19.42,28.00,25.00,3.00,Before
Batch1,GAA,Context,Base Insertion,11840,0.00,45.00,45.00,0.00,Before
Batch1,GAA,Context,Base Deletion,11840,0.25,45.00,45.00,0.00,Before
Batch1,GAC,Context,Base Insertion,3756,0.00,45.00,45.00,0.00,Before
Batch1,GAC,Context,Base Deletion,3756,1.00,45.00,45.00,0.00,Before
Batch1,GAG,Context,Base Insertion,8379,0.00,45.00,45.00,0.00,Before
Batch1,GAG,Context,Base Deletion,8379,0.33,45.00,45.00,0.00,Before
Batch1,GAT,Context,Base Insertion,6573,0.00,45.00,45.00,0.00,Before
Batch1,GAT,Context,Base Deletion,6573,0.00,45.00,45.00,0.00,Before
Batch1,GC,Context,Base Substitution,15765,24.64,27.00,25.14,1.86,Before
Batch1,GCA,Context,Base Insertion,6118,0.00,45.00,45.00,0.00,Before
Batch1,GCA,Context,Base Deletion,6118,0.00,45.00,45.00,0.00,Before
Batch1,GCC,Context,Base Insertion,3663,0.33,45.00,45.00,0.00,Before
Batch1,GCC,Context,Base Deletion,3663,0.00,45.00,45.00,0.00,Before
Batch1,GCG,Context,Base Insertion,409,0.00,45.00,45.00,0.00,Before
Batch1,GCG,Context,Base Deletion,409,0.00,45.00,45.00,0.00,Before
Batch1,GCT,Context,Base Insertion,5395,0.00,45.00,45.00,0.00,Before
Batch1,GCT,Context,Base Deletion,5395,0.00,45.00,45.00,0.00,Before
Batch1,GG,Context,Base Substitution,23243,18.66,27.00,24.98,2.02,Before
Batch1,GGA,Context,Base Insertion,10141,0.00,45.00,45.00,0.00,Before
Batch1,GGA,Context,Base Deletion,10141,0.58,45.00,45.00,0.00,Before
Batch1,GGC,Context,Base Insertion,3530,0.33,45.00,45.00,0.00,Before
Batch1,GGC,Context,Base Deletion,3530,0.00,45.00,45.00,0.00,Before
Batch1,GGG,Context,Base Insertion,4531,0.00,45.00,45.00,0.00,Before
Batch1,GGG,Context,Base Deletion,4531,0.00,45.00,45.00,0.00,Before
Batch1,GGT,Context,Base Insertion,4819,0.00,45.00,45.00,0.00,Before
Batch1,GGT,Context,Base Deletion,4819,0.00,45.00,45.00,0.00,Before
Batch1,GT,Context,Base Substitution,24480,19.61,27.00,24.73,2.27,Before
Batch1,GTA,Context,Base Insertion,5420,0.00,45.00,45.00,0.00,Before
Batch1,GTA,Context,Base Deletion,5420,0.00,45.00,45.00,0.00,Before
Batch1,GTC,Context,Base Insertion,4009,0.00,45.00,45.00,0.00,Before
Batch1,GTC,Context,Base Deletion,4009,1.67,45.00,45.00,0.00,Before
Batch1,GTG,Context,Base Insertion,7904,0.00,45.00,45.00,0.00,Before
Batch1,GTG,Context,Base Deletion,7904,0.00,45.00,45.00,0.00,Before
Batch1,GTT,Context,Base Insertion,6856,0.00,45.00,45.00,0.00,Before
Batch1,GTT,Context,Base Deletion,6856,0.00,45.00,45.00,0.00,Before
Batch1,TA,Context,Base Substitution,33082,44.33,27.00,24.76,2.24,Before
Batch1,TAA,Context,Base Insertion,9861,0.00,45.00,45.00,0.00,Before
Batch1,TAA,Context,Base Deletion,9861,0.00,45.00,45.00,0.00,Before
Batch1,TAC,Context,Base Insertion,5368,0.00,45.00,45.00,0.00,Before
Batch1,TAC,Context,Base Deletion,5368,0.00,45.00,45.00,0.00,Before
Batch1,TAG,Context,Base Insertion,6587,0.00,45.00,45.00,0.00,Before
Batch1,TAG,Context,Base Deletion,6587,0.00,45.00,45.00,0.00,Before
Batch1,TAT,Context,Base Insertion,11021,0.00,45.00,45.00,0.00,Before
Batch1,TAT,Context,Base Deletion,11021,0.67,45.00,45.00,0.00,Before
Batch1,TC,Context,Base Substitution,31160,55.34,26.00,24.86,1.14,Before
Batch1,TCA,Context,Base Insertion,8847,0.00,45.00,45.00,0.00,Before
Batch1,TCA,Context,Base Deletion,8847,0.00,45.00,45.00,0.00,Before
Batch1,TCC,Context,Base Insertion,10272,0.00,45.00,45.00,0.00,Before
Batch1,TCC,Context,Base Deletion,10272,0.00,45.00,45.00,0.00,Before
Batch1,TCG,Context,Base Insertion,832,0.00,45.00,45.00,0.00,Before
Batch1,TCG,Context,Base Deletion,832,0.00,45.00,45.00,0.00,Before
Batch1,TCT,Context,Base Insertion,10842,0.00,45.00,45.00,0.00,Before
Batch1,TCT,Context,Base Deletion,10842,1.33,45.00,45.00,0.00,Before
Batch1,TG,Context,Base Substitution,36143,38.05,27.00,25.02,1.98,Before
Batch1,TGA,Context,Base Insertion,8896,0.00,45.00,45.00,0.00,Before
Batch1,TGA,Context,Base Deletion,8896,0.33,45.00,45.00,0.00,Before
Batch1,TGC,Context,Base Insertion,6237,0.00,45.00,45.00,0.00,Before
Batch1,TGC,Context,Base Deletion,6237,0.00,45.00,45.00,0.00,Before
Batch1,TGG,Context,Base Insertion,11214,0.00,45.00,45.00,0.00,Before
Batch1,TGG,Context,Base Deletion,11214,0.00,45.00,45.00,0.00,Before
Batch1,TGT,Context,Base Insertion,9399,0.00,45.00,45.00,0.00,Before
Batch1,TGT,Context,Base Deletion,9399,1.67,45.00,45.00,0.00,Before
Batch1,TT,Context,Base Substitution,50016,28.05,28.00,24.73,3.27,Before
Batch1,TTA,Context,Base Insertion,9783,0.00,45.00,45.00,0.00,Before
Batch1,TTA,Context,Base Deletion,9783,0.00,45.00,45.00,0.00,Before
Batch1,TTC,Context,Base Insertion,11825,1.00,45.00,45.00,0.00,Before
Batch1,TTC,Context,Base Deletion,11825,1.00,45.00,45.00,0.00,Before
Batch1,TTG,Context,Base Insertion,9096,0.00,45.00,45.00,0.00,Before
Batch1,TTG,Context,Base Deletion,9096,1.67,45.00,45.00,0.00,Before
Batch1,TTT,Context,Base Insertion,18725,0.00,45.00,45.00,0.00,Before
Batch1,TTT,Context,Base Deletion,18725,0.00,45.00,45.00,0.00,Before
Batch1,-1,Cycle,Base Substitution,2444,3.11,23.00,21.79,1.21,Before
Batch1,-10,Cycle,Base Substitution,2462,3.00,23.00,21.63,1.37,Before
Batch1,-10,Cycle,Base Insertion,2462,0.00,45.00,45.00,0.00,Before
Batch1,-10,Cycle,Base Deletion,2462,0.00,45.00,45.00,0.00,Before
Batch1,-100,Cycle,Base Substitution,2368,4.55,27.00,27.49,-0.49,Before
Batch1,-11,Cycle,Base Substitution,2461,6.00,23.00,22.05,0.95,Before
Batch1,-11,Cycle,Base Insertion,2461,0.00,45.00,45.00,0.00,Before
Batch1,-11,Cycle,Base Deletion,2461,0.00,45.00,45.00,0.00,Before
Batch1,-12,Cycle,Base Substitution,2470,4.00,23.00,22.58,0.42,Before
Batch1,-12,Cycle,Base Insertion,2470,0.00,45.00,45.00,0.00,Before
Batch1,-12,Cycle,Base Deletion,2470,0.00,45.00,45.00,0.00,Before
Batch1,-13,Cycle,Base Substitution,2459,2.00,23.00,22.97,0.03,Before
Batch1,-13,Cycle,Base Insertion,2459,0.00,45.00,45.00,0.00,Before
Batch1,-13,Cycle,Base Deletion,2459,0.00,45.00,45.00,0.00,Before
Batch1,-14,Cycle,Base Substitution,2467,3.00,23.00,21.99,1.01,Before
Batch1,-14,Cycle,Base Insertion,2467,0.00,45.00,45.00,0.00,Before
Batch1,-14,Cycle,Base Deletion,2467,0.67,45.00,45.00,0.00,Before
Batch1,-15,Cycle,Base Substitution,2471,7.00,24.00,23.57,0.43,Before
Batch1,-15,Cycle,Base Insertion,2471,0.00,45.00,45.00,0.00,Before
Batch1,-15,Cycle,Base Deletion,2471,0.67,45.00,45.00,0.00,Before
Batch1,-16,Cycle,Base Substitution,2465,2.00,24.00,23.19,0.81,Before
Batch1,-16,Cycle,Base Insertion,2465,1.00,45.00,45.00,0.00,Before
Batch1,-16,Cycle,Base Deletion,2465,1.00,45.00,45.00,0.00,Before
Batch1,-17,Cycle,Base Substitution,2469,3.00,24.00,23.09,0.91,Before
Batch1,-17,Cycle,Base Insertion,2469,0.00,45.00,45.00,0.00,Before
Batch1,-17,Cycle,Base Deletion,2469,0.00,45.00,45.00,0.00,Before
Batch1,-18,Cycle,Base Substitution,2475,1.00,24.00,23.38,0.62,Before
Batch1,-18,Cycle,Base Insertion,2475,1.33,45.00,45.00,0.00,Before
Batch1,-18,Cycle,Base Deletion,2475,0.33,45.00,45.00,0.00,Before
Batch1,-19,Cycle,Base Substitution,2482,3.00,25.00,24.10,0.90,Before
Batch1,-19,Cycle,Base Insertion,2481,0.33,45.00,45.00,0.00,Before
Batch1,-19,Cycle,Base Deletion,2481,0.00,45.00,45.00,0.00,Before
Batch1,-2,Cycle,Base Substitution,2460,1.61,23.00,21.66,1.34,Before
Batch1,-20,Cycle,Base Substitution,2474,4.00,25.00,24.19,0.81,Before
Batch1,-20,Cycle,Base Insertion,2473,0.33,45.00,45.00,0.00,Before
Batch1,-20,Cycle,Base Deletion,2473,0.00,45.00,45.00,0.00,Before
Batch1,-21,Cycle,Base Substitution,2475,2.00,24.00,23.99,0.01,Before
Batch1,-21,Cycle,Base Insertion,2474,0.00,45.00,45.00,0.00,Before
Batch1,-21,Cycle,Base Deletion,2474,0.00,45.00,45.00,0.00,Before
Batch1,-22,Cycle,Base Substitution,2479,3.00,25.00,24.07,0.93,Before
Batch1,-22,Cycle,Base Insertion,2478,0.00,45.00,45.00,0.00,Before
Batch1,-22,Cycle,Base Deletion,2478,0.00,45.00,45.00,0.00,Before
Batch1,-23,Cycle,Base Substitution,2477,1.00,24.00,23.69,0.31,Before
Batch1,-23,Cycle,Base Insertion,2477,0.00,45.00,45.00,0.00,Before
Batch1,-23,Cycle,Base Deletion,2477,0.00,45.00,45.00,0.00,Before
Batch1,-24,Cycle,Base Substitution,2473,0.00,25.00,24.43,0.57,Before
Batch1,-24,Cycle,Base Insertion,2473,0.00,45.00,45.00,0.00,Before
Batch1,-24,Cycle,Base Deletion,2473,0.00,45.00,45.00,0.00,Before
Batch1,-25,Cycle,Base Substitution,2478,0.00,25.00,24.58,0.42,Before
Batch1,-25,Cycle,Base Insertion,2478,0.00,45.00,45.00,0.00,Before
Batch1,-25,Cycle,Base Deletion,2478,0.00,45.00,45.00,0.00,Before
Batch1,-26,Cycle,Base Substitution,2475,0.00,25.00,24.12,0.88,Before
Batch1,-26,Cycle,Base Insertion,2475,0.00,45.00,45.00,0.00,Before
Batch1,-26,Cycle,Base Deletion,2475,0.00,45.00,45.00,0.00,Before
Batch1,-27,Cycle,Base Substitution,2479,1.00,24.00,23.81,0.19,Before
Batch1,-27,Cycle,Base Insertion,2479,0.00,45.00,45.00,0.00,Before
Batch1,-27,Cycle,Base Deletion,2479,0.00,45.00,45.00,0.00,Before
Batch1,-28,Cycle,Base Substitution,2476,1.00,25.00,24.22,0.78,Before
Batch1,-28,Cycle,Base Insertion,2476,0.00,45.00,45.00,0.00,Before
Batch1,-28,Cycle,Base Deletion,2476,0.25,45.00,45.00,0.00,Before
Batch1,-29,Cycle,Base Substitution,2466,3.00,25.00,24.25,0.75,Before
Batch1,-29,Cycle,Base Insertion,2465,0.00,45.00,45.00,0.00,Before
Batch1,-29,Cycle,Base Deletion,2465,0.25,45.00,45.00,0.00,Before
Batch1,-3,Cycle,Base Substitution,2464,4.11,23.00,21.75,1.25,Before
Batch1,-30,Cycle,Base Substitution,2476,4.00,25.00,24.18,0.82,Before
Batch1,-30,Cycle,Base Insertion,2475,0.00,45.00,45.00,0.00,Before
Batch1,-30,Cycle,Base Deletion,2475,0.25,45.00,45.00,0.00,Before
Batch1,-31,Cycle,Base Substitution,2465,0.00,24.00,23.71,0.29,Before
Batch1,-31,Cycle,Base Insertion,2464,0.00,45.00,45.00,0.00,Before
Batch1,-31,Cycle,Base Deletion,2464,0.25,45.00,45.00,0.00,Before
Batch1,-32,Cycle,Base Substitution,2478,1.00,26.00,25.40,0.60,Before
Batch1,-32,Cycle,Base Insertion,2477,0.00,45.00,45.00,0.00,Before
Batch1,-32,Cycle,Base Deletion,2477,0.00,45.00,45.00,0.00,Before
Batch1,-33,Cycle,Base Substitution,2482,5.00,25.00,24.57,0.43,Before
Batch1,-33,Cycle,Base Insertion,2481,0.00,45.00,45.00,0.00,Before
Batch1,-33,Cycle,Base Deletion,2481,0.00,45.00,45.00,0.00,Before
Batch1,-34,Cycle,Base Substitution,2475,2.00,25.00,24.52,0.48,Before
Batch1,-34,Cycle,Base Insertion,2473,0.00,45.00,45.00,0.00,Before
Batch1,-34,Cycle,Base Deletion,2473,0.00,45.00,45.00,0.00,Before
Batch1,-35,Cycle,Base Substitution,2479,5.33,26.00,25.37,0.63,Before
Batch1,-35,Cycle,Base Insertion,2477,0.00,45.00,45.00,0.00,Before
Batch1,-35,Cycle,Base Deletion,2477,0.67,45.00,45.00,0.00,Before
Batch1,-36,Cycle,Base Substitution,2482,0.33,25.00,24.17,0.83,Before
Batch1,-36,Cycle,Base Insertion,2481,1.00,45.00,45.00,0.00,Before
Batch1,-36,Cycle,Base Deletion,2481,0.67,45.00,45.00,0.00,Before
Batch1,-37,Cycle,Base Substitution,2474,1.33,26.00,25.24,0.76,Before
Batch1,-37,Cycle,Base Insertion,2473,0.00,45.00,45.00,0.00,Before
Batch1,-37,Cycle,Base Deletion,2473,0.67,45.00,45.00,0.00,Before
Batch1,-38,Cycle,Base Substitution,2479,3.00,26.00,25.10,0.90,Before
Batch1,-38,Cycle,Base Insertion,2479,0.00,45.00,45.00,0.00,Before
Batch1,-38,Cycle,Base Deletion,2479,0.33,45.00,45.00,0.00,Before
Batch1,-39,Cycle,Base Substitution,2474,3.00,26.00,25.91,0.09,Before
Batch1,-39,Cycle,Base Insertion,2474,0.00,45.00,45.00,0.00,Before
Batch1,-39,Cycle,Base Deletion,2474,0.33,45.00,45.00,0.00,Before
Batch1,-4,Cycle,Base Substitution,2464,0.45,23.00,21.60,1.40,Before
Batch1,-40,Cycle,Base Substitution,2482,2.00,25.00,24.27,0.73,Before
Batch1,-40,Cycle,Base Insertion,2482,0.00,45.00,45.00,0.00,Before
Batch1,-40,Cycle,Base Deletion,2482,0.58,45.00,45.00,0.00,Before
Batch1,-41,Cycle,Base Substitution,2472,2.00,26.00,25.25,0.75,Before
Batch1,-41,Cycle,Base Insertion,2472,0.00,45.00,45.00,0.00,Before
Batch1,-41,Cycle,Base Deletion,2472,0.25,45.00,45.00,0.00,Before
Batch1,-42,Cycle,Base Substitution,2480,1.00,26.00,25.49,0.51,Before
Batch1,-42,Cycle,Base Insertion,2480,0.00,45.00,45.00,0.00,Before
Batch1,-42,Cycle,Base Deletion,2480,0.25,45.00,45.00,0.00,Before
Batch1,-43,Cycle,Base Substitution,2472,1.00,26.00,25.57,0.43,Before
Batch1,-43,Cycle,Base Insertion,2472,0.00,45.00,45.00,0.00,Before
Batch1,-43,Cycle,Base Deletion,2472,0.25,45.00,45.00,0.00,Before
Batch1,-44,Cycle,Base Substitution,2477,4.00,26.00,25.88,0.12,Before
Batch1,-44,Cycle,Base Insertion,2477,0.00,45.00,45.00,0.00,Before
Batch1,-44,Cycle,Base Deletion,2477,0.00,45.00,45.00,0.00,Before
Batch1,-45,Cycle,Base Substitution,2475,2.00,26.00,25.38,0.62,Before
Batch1,-45,Cycle,Base Insertion,2475,0.00,45.00,45.00,0.00,Before
Batch1,-45,Cycle,Base Deletion,2475,0.00,45.00,45.00,0.00,Before
Batch1,-46,Cycle,Base Substitution,2478,1.00,26.00,25.52,0.48,Before
Batch1,-46,Cycle,Base Insertion,2478,0.00,45.00,45.00,0.00,Before
Batch1,-46,Cycle,Base Deletion,2478,0.00,45.00,45.00,0.00,Before
Batch1,-47,Cycle,Base Substitution,2477,3.00,26.00,25.87,0.13,Before
Batch1,-47,Cycle,Base Insertion,2477,0.00,45.00,45.00,0.00,Before
Batch1,-47,Cycle,Base Deletion,2477,0.00,45.00,45.00,0.00,Before
Batch1,-48,Cycle,Base Substitution,2476,3.00,26.00,25.62,0.38,Before
Batch1,-48,Cycle,Base Insertion,2476,0.00,45.00,45.00,0.00,Before
Batch1,-48,Cycle,Base Deletion,2476,0.00,45.00,45.00,0.00,Before
Batch1,-49,Cycle,Base Substitution,2477,5.00,26.00,25.80,0.20,Before
Batch1,-49,Cycle,Base Insertion,2476,0.00,45.00,45.00,0.00,Before
Batch1,-49,Cycle,Base Deletion,2476,0.00,45.00,45.00,0.00,Before
Batch1,-5,Cycle,Base Substitution,2451,3.20,23.00,21.55,1.45,Before
Batch1,-5,Cycle,Base Insertion,2451,0.00,45.00,45.00,0.00,Before
Batch1,-5,Cycle,Base Deletion,2451,0.00,45.00,45.00,0.00,Before
Batch1,-50,Cycle,Base Substitution,2478,1.00,26.00,25.75,0.25,Before
Batch1,-50,Cycle,Base Insertion,2477,0.00,45.00,45.00,0.00,Before
Batch1,-50,Cycle,Base Deletion,2477,0.00,45.00,45.00,0.00,Before
Batch1,-51,Cycle,Base Substitution,2479,2.00,27.00,27.00,0.00,Before
Batch1,-51,Cycle,Base Insertion,2478,0.00,45.00,45.00,0.00,Before
Batch1,-51,Cycle,Base Deletion,2478,0.00,45.00,45.00,0.00,Before
Batch1,-52,Cycle,Base Substitution,2479,3.00,27.00,26.12,0.88,Before
Batch1,-52,Cycle,Base Insertion,2478,0.00,45.00,45.00,0.00,Before
Batch1,-52,Cycle,Base Deletion,2478,0.00,45.00,45.00,0.00,Before
Batch1,-53,Cycle,Base Substitution,2479,1.20,26.00,25.45,0.55,Before
Batch1,-53,Cycle,Base Insertion,2479,0.00,45.00,45.00,0.00,Before
Batch1,-53,Cycle,Base Deletion,2479,0.00,45.00,45.00,0.00,Before
Batch1,-54,Cycle,Base Substitution,2471,2.20,26.00,25.83,0.17,Before
Batch1,-54,Cycle,Base Insertion,2471,0.00,45.00,45.00,0.00,Before
Batch1,-54,Cycle,Base Deletion,2471,0.00,45.00,45.00,0.00,Before
Batch1,-55,Cycle,Base Substitution,2479,2.20,27.00,26.35,0.65,Before
Batch1,-55,Cycle,Base Insertion,2479,0.00,45.00,45.00,0.00,Before
Batch1,-55,Cycle,Base Deletion,2479,0.00,45.00,45.00,0.00,Before
Batch1,-56,Cycle,Base Substitution,2480,1.20,27.00,26.25,0.75,Before
Batch1,-56,Cycle,Base Insertion,2480,0.00,45.00,45.00,0.00,Before
Batch1,-56,Cycle,Base Deletion,2480,0.00,45.00,45.00,0.00,Before
Batch1,-57,Cycle,Base Substitution,2482,1.20,27.00,26.98,0.02,Before
Batch1,-57,Cycle,Base Insertion,2482,0.00,45.00,45.00,0.00,Before
Batch1,-57,Cycle,Base Deletion,2482,0.00,45.00,45.00,0.00,Before
Batch1,-58,Cycle,Base Substitution,2477,3.00,27.00,26.83,0.17,Before
Batch1,-58,Cycle,Base Insertion,2477,0.00,45.00,45.00,0.00,Before
Batch1,-58,Cycle,Base Deletion,2477,0.00,45.00,45.00,0.00,Before
Batch1,-59,Cycle,Base Substitution,2473,1.00,27.00,26.53,0.47,Before
Batch1,-59,Cycle,Base Insertion,2473,0.00,45.00,45.00,0.00,Before
Batch1,-59,Cycle,Base Deletion,2473,0.25,45.00,45.00,0.00,Before
Batch1,-6,Cycle,Base Substitution,2454,3.00,23.00,21.72,1.28,Before
Batch1,-6,Cycle,Base Insertion,2454,0.00,45.00,45.00,0.00,Before
Batch1,-6,Cycle,Base Deletion,2454,0.00,45.00,45.00,0.00,Before
Batch1,-60,Cycle,Base Substitution,2483,3.00,27.00,26.83,0.17,Before
Batch1,-60,Cycle,Base Insertion,2483,0.00,45.00,45.00,0.00,Before
Batch1,-60,Cycle,Base Deletion,2483,0.25,45.00,45.00,0.00,Before
Batch1,-61,Cycle,Base Substitution,2480,3.00,26.00,25.97,0.03,Before
Batch1,-61,Cycle,Base Insertion,2480,0.00,45.00,45.00,0.00,Before
Batch1,-61,Cycle,Base Deletion,2480,0.25,45.00,45.00,0.00,Before
Batch1,-62,Cycle,Base Substitution,2483,0.00,26.00,25.56,0.44,Before
Batch1,-62,Cycle,Base Insertion,2483,0.00,45.00,45.00,0.00,Before
Batch1,-62,Cycle,Base Deletion,2483,0.50,45.00,45.00,0.00,Before
Batch1,-63,Cycle,Base Substitution,2485,6.00,26.00,26.09,-0.09,Before
Batch1,-63,Cycle,Base Insertion,2484,0.00,45.00,45.00,0.00,Before
Batch1,-63,Cycle,Base Deletion,2484,0.25,45.00,45.00,0.00,Before
Batch1,-64,Cycle,Base Substitution,2479,2.00,27.00,26.41,0.59,Before
Batch1,-64,Cycle,Base Insertion,2478,0.00,45.00,45.00,0.00,Before
Batch1,-64,Cycle,Base Deletion,2478,0.25,45.00,45.00,0.00,Before
Batch1,-65,Cycle,Base Substitution,2484,3.00,26.00,25.94,0.06,Before
Batch1,-65,Cycle,Base Insertion,2483,0.00,45.00,45.00,0.00,Before
Batch1,-65,Cycle,Base Deletion,2483,0.25,45.00,45.00,0.00,Before
Batch1,-66,Cycle,Base Substitution,2481,2.00,27.00,26.57,0.43,Before
Batch1,-66,Cycle,Base Insertion,2480,0.00,45.00,45.00,0.00,Before
Batch1,-66,Cycle,Base Deletion,2480,0.00,45.00,45.00,0.00,Before
Batch1,-67,Cycle,Base Substitution,2483,0.00,27.00,26.05,0.95,Before
Batch1,-67,Cycle,Base Insertion,2483,0.00,45.00,45.00,0.00,Before
Batch1,-67,Cycle,Base Deletion,2483,0.00,45.00,45.00,0.00,Before
Batch1,-68,Cycle,Base Substitution,2480,2.00,26.00,25.70,0.30,Before
Batch1,-68,Cycle,Base Insertion,2479,0.00,45.00,45.00,0.00,Before
Batch1,-68,Cycle,Base Deletion,2479,0.00,45.00,45.00,0.00,Before
Batch1,-69,Cycle,Base Substitution,2476,3.00,28.00,27.06,0.94,Before
Batch1,-69,Cycle,Base Insertion,2475,0.00,45.00,45.00,0.00,Before
Batch1,-69,Cycle,Base Deletion,2475,0.00,45.00,45.00,0.00,Before
Batch1,-7,Cycle,Base Substitution,2460,3.00,23.00,22.08,0.92,Before
Batch1,-7,Cycle,Base Insertion,2460,0.00,45.00,45.00,0.00,Before
Batch1,-7,Cycle,Base Deletion,2460,0.00,45.00,45.00,0.00,Before
Batch1,-70,Cycle,Base Substitution,2483,2.25,27.00,26.26,0.74,Before
Batch1,-70,Cycle,Base Insertion,2482,0.00,45.00,45.00,0.00,Before
Batch1,-70,Cycle,Base Deletion,2482,0.00,45.00,45.00,0.00,Before
Batch1,-71,Cycle,Base Substitution,2475,4.25,27.00,26.80,0.20,Before
Batch1,-71,Cycle,Base Insertion,2473,0.00,45.00,45.00,0.00,Before
Batch1,-71,Cycle,Base Deletion,2473,0.00,45.00,45.00,0.00,Before
Batch1,-72,Cycle,Base Substitution,2482,1.25,26.00,25.57,0.43,Before
Batch1,-72,Cycle,Base Insertion,2481,0.00,45.00,45.00,0.00,Before
Batch1,-72,Cycle,Base Deletion,2481,0.33,45.00,45.00,0.00,Before
Batch1,-73,Cycle,Base Substitution,2477,1.00,27.00,26.99,0.01,Before
Batch1,-73,Cycle,Base Insertion,2476,0.00,45.00,45.00,0.00,Before
Batch1,-73,Cycle,Base Deletion,2476,0.33,45.00,45.00,0.00,Before
Batch1,-74,Cycle,Base Substitution,2485,5.00,26.00,26.53,-0.53,Before
Batch1,-74,Cycle,Base Insertion,2483,0.00,45.00,45.00,0.00,Before
Batch1,-74,Cycle,Base Deletion,2483,0.33,45.00,45.00,0.00,Before
Batch1,-75,Cycle,Base Substitution,2486,3.00,28.00,27.09,0.91,Before
Batch1,-75,Cycle,Base Insertion,2485,0.00,45.00,45.00,0.00,Before
Batch1,-75,Cycle,Base Deletion,2485,0.00,45.00,45.00,0.00,Before
Batch1,-76,Cycle,Base Substitution,2476,1.00,28.00,27.62,0.38,Before
Batch1,-76,Cycle,Base Insertion,2475,0.00,45.00,45.00,0.00,Before
Batch1,-76,Cycle,Base Deletion,2475,0.00,45.00,45.00,0.00,Before
Batch1,-77,Cycle,Base Substitution,2477,3.33,27.00,26.90,0.10,Before
Batch1,-77,Cycle,Base Insertion,2476,0.00,45.00,45.00,0.00,Before
Batch1,-77,Cycle,Base Deletion,2476,0.00,45.00,45.00,0.00,Before
Batch1,-78,Cycle,Base Substitution,2471,1.33,28.00,27.37,0.63,Before
Batch1,-78,Cycle,Base Insertion,2471,0.00,45.00,45.00,0.00,Before
Batch1,-78,Cycle,Base Deletion,2471,0.00,45.00,45.00,0.00,Before
Batch1,-79,Cycle,Base Substitution,2477,3.58,27.00,26.71,0.29,Before
Batch1,-79,Cycle,Base Insertion,2477,0.00,45.00,45.00,0.00,Before
Batch1,-79,Cycle,Base Deletion,2477,0.00,45.00,45.00,0.00,Before
Batch1,-8,Cycle,Base Substitution,2460,3.00,23.00,22.55,0.45,Before
Batch1,-8,Cycle,Base Insertion,2460,0.00,45.00,45.00,0.00,Before
Batch1,-8,Cycle,Base Deletion,2460,0.00,45.00,45.00,0.00,Before
Batch1,-80,Cycle,Base Substitution,2479,1.50,27.00,26.06,0.94,Before
Batch1,-80,Cycle,Base Insertion,2479,0.00,45.00,45.00,0.00,Before
Batch1,-80,Cycle,Base Deletion,2479,0.00,45.00,45.00,0.00,Before
Batch1,-81,Cycle,Base Substitution,2486,2.50,27.00,26.51,0.49,Before
Batch1,-81,Cycle,Base Insertion,2486,0.00,45.00,45.00,0.00,Before
Batch1,-81,Cycle,Base Deletion,2486,0.00,45.00,45.00,0.00,Before
Batch1,-82,Cycle,Base Substitution,2478,0.50,26.00,25.80,0.20,Before
Batch1,-82,Cycle,Base Insertion,2477,0.00,45.00,45.00,0.00,Before
Batch1,-82,Cycle,Base Deletion,2477,0.00,45.00,45.00,0.00,Before
Batch1,-83,Cycle,Base Substitution,2476,3.25,27.00,26.61,0.39,Before
Batch1,-83,Cycle,Base Insertion,2475,0.00,45.00,45.00,0.00,Before
Batch1,-83,Cycle,Base Deletion,2475,0.00,45.00,45.00,0.00,Before
Batch1,-84,Cycle,Base Substitution,2472,2.00,28.00,27.64,0.36,Before
Batch1,-84,Cycle,Base Insertion,2471,0.00,45.00,45.00,0.00,Before
Batch1,-84,Cycle,Base Deletion,2471,0.00,45.00,45.00,0.00,Before
Batch1,-85,Cycle,Base Substitution,2473,1.00,28.00,27.78,0.22,Before
Batch1,-85,Cycle,Base Insertion,2472,0.00,45.00,45.00,0.00,Before
Batch1,-85,Cycle,Base Deletion,2472,0.00,45.00,45.00,0.00,Before
Batch1,-86,Cycle,Base Substitution,2476,4.00,27.00,26.72,0.28,Before
Batch1,-86,Cycle,Base Insertion,2475,0.00,45.00,45.00,0.00,Before
Batch1,-86,Cycle,Base Deletion,2475,0.00,45.00,45.00,0.00,Before
Batch1,-87,Cycle,Base Substitution,2474,3.00,27.00,26.62,0.38,Before
Batch1,-87,Cycle,Base Insertion,2473,0.00,45.00,45.00,0.00,Before
Batch1,-87,Cycle,Base Deletion,2473,0.00,45.00,45.00,0.00,Before
Batch1,-88,Cycle,Base Substitution,2474,3.00,27.00,26.62,0.38,Before
Batch1,-88,Cycle,Base Insertion,2473,1.00,45.00,45.00,0.00,Before
Batch1,-88,Cycle,Base Deletion,2473,0.00,45.00,45.00,0.00,Before
Batch1,-89,Cycle,Base Substitution,2473,1.00,28.00,27.18,0.82,Before
Batch1,-89,Cycle,Base Insertion,2472,0.00,45.00,45.00,0.00,Before
Batch1,-89,Cycle,Base Deletion,2472,0.00,45.00,45.00,0.00,Before
Batch1,-9,Cycle,Base Substitution,2452,2.00,23.00,21.79,1.21,Before
Batch1,-9,Cycle,Base Insertion,2452,0.00,45.00,45.00,0.00,Before
Batch1,-9,Cycle,Base Deletion,2452,0.00,45.00,45.00,0.00,Before
Batch1,-90,Cycle,Base Substitution,2473,4.00,27.00,26.36,0.64,Before
Batch1,-90,Cycle,Base Insertion,2472,0.00,45.00,45.00,0.00,Before
Batch1,-90,Cycle,Base Deletion,2472,0.00,45.00,45.00,0.00,Before
Batch1,-91,Cycle,Base Substitution,2482,1.33,27.00,26.64,0.36,Before
Batch1,-91,Cycle,Base Insertion,2480,0.00,45.00,45.00,0.00,Before
Batch1,-91,Cycle,Base Deletion,2480,0.00,45.00,45.00,0.00,Before
Batch1,-92,Cycle,Base Substitution,2476,0.33,27.00,26.35,0.65,Before
Batch1,-92,Cycle,Base Insertion,2471,0.00,45.00,45.00,0.00,Before
Batch1,-92,Cycle,Base Deletion,2471,0.00,45.00,45.00,0.00,Before
Batch1,-93,Cycle,Base Substitution,2472,1.33,28.00,27.09,0.91,Before
Batch1,-93,Cycle,Base Insertion,2452,0.00,45.00,45.00,0.00,Before
Batch1,-93,Cycle,Base Deletion,2452,0.00,45.00,45.00,0.00,Before
Batch1,-94,Cycle,Base Substitution,2477,2.14,28.00,27.86,0.14,Before
Batch1,-94,Cycle,Base Insertion,2372,0.00,45.00,45.00,0.00,Before
Batch1,-94,Cycle,Base Deletion,2372,0.00,45.00,45.00,0.00,Before
Batch1,-95,Cycle,Base Substitution,2470,1.14,28.00,27.08,0.92,Before
Batch1,-95,Cycle,Base Insertion,2367,0.00,45.00,45.00,0.00,Before
Batch1,-95,Cycle,Base Deletion,2367,0.00,45.00,45.00,0.00,Before
Batch1,-96,Cycle,Base Substitution,2467,4.14,27.00,26.17,0.83,Before
Batch1,-96,Cycle,Base Insertion,2366,0.00,45.00,45.00,0.00,Before
Batch1,-96,Cycle,Base Deletion,2366,0.00,45.00,45.00,0.00,Before
Batch1,-97,Cycle,Base Substitution,2451,4.14,27.00,26.08,0.92,Before
Batch1,-98,Cycle,Base Substitution,2369,1.80,27.00,26.36,0.64,Before
Batch1,-99,Cycle,Base Substitution,2367,1.81,27.00,26.74,0.26,Before
Batch1,1,Cycle,Base Substitution,2478,2.67,27.00,26.73,0.27,Before
Batch1,10,Cycle,Base Substitution,2479,1.00,27.00,26.53,0.47,Before
Batch1,10,Cycle,Base Insertion,2479,0.00,45.00,45.00,0.00,Before
Batch1,10,Cycle,Base Deletion,2479,0.00,45.00,45.00,0.00,Before
Batch1,100,Cycle,Base Substitution,2294,4.33,22.00,21.62,0.38,Before
Batch1,11,Cycle,Base Substitution,2488,2.00,27.00,26.27,0.73,Before
Batch1,11,Cycle,Base Insertion,2488,0.00,45.00,45.00,0.00,Before
Batch1,11,Cycle,Base Deletion,2488,0.00,45.00,45.00,0.00,Before
Batch1,12,Cycle,Base Substitution,2487,1.00,28.00,27.78,0.22,Before
Batch1,12,Cycle,Base Insertion,2487,0.00,45.00,45.00,0.00,Before
Batch1,12,Cycle,Base Deletion,2487,0.00,45.00,45.00,0.00,Before
Batch1,13,Cycle,Base Substitution,2487,1.00,27.00,26.23,0.77,Before
Batch1,13,Cycle,Base Insertion,2487,0.00,45.00,45.00,0.00,Before
Batch1,13,Cycle,Base Deletion,2487,0.00,45.00,45.00,0.00,Before
Batch1,14,Cycle,Base Substitution,2494,2.00,27.00,26.83,0.17,Before
Batch1,14,Cycle,Base Insertion,2494,0.00,45.00,45.00,0.00,Before
Batch1,14,Cycle,Base Deletion,2494,0.33,45.00,45.00,0.00,Before
Batch1,15,Cycle,Base Substitution,2487,0.00,27.00,26.16,0.84,Before
Batch1,15,Cycle,Base Insertion,2487,0.00,45.00,45.00,0.00,Before
Batch1,15,Cycle,Base Deletion,2487,0.33,45.00,45.00,0.00,Before
Batch1,16,Cycle,Base Substitution,2489,3.00,27.00,26.41,0.59,Before
Batch1,16,Cycle,Base Insertion,2489,0.00,45.00,45.00,0.00,Before
Batch1,16,Cycle,Base Deletion,2489,0.33,45.00,45.00,0.00,Before
Batch1,17,Cycle,Base Substitution,2489,4.00,25.00,24.90,0.10,Before
Batch1,17,Cycle,Base Insertion,2489,0.00,45.00,45.00,0.00,Before
Batch1,17,Cycle,Base Deletion,2489,0.00,45.00,45.00,0.00,Before
Batch1,18,Cycle,Base Substitution,2487,1.00,27.00,26.46,0.54,Before
Batch1,18,Cycle,Base Insertion,2487,0.00,45.00,45.00,0.00,Before
Batch1,18,Cycle,Base Deletion,2487,0.00,45.00,45.00,0.00,Before
Batch1,19,Cycle,Base Substitution,2479,2.25,28.00,27.19,0.81,Before
Batch1,19,Cycle,Base Insertion,2479,0.00,45.00,45.00,0.00,Before
Batch1,19,Cycle,Base Deletion,2479,0.00,45.00,45.00,0.00,Before
Batch1,2,Cycle,Base Substitution,2478,2.43,28.00,27.47,0.53,Before
Batch1,20,Cycle,Base Substitution,2486,5.25,26.00,26.94,-0.94,Before
Batch1,20,Cycle,Base Insertion,2486,0.00,45.00,45.00,0.00,Before
Batch1,20,Cycle,Base Deletion,2486,0.00,45.00,45.00,0.00,Before
Batch1,21,Cycle,Base Substitution,2488,4.25,27.00,26.34,0.66,Before
Batch1,21,Cycle,Base Insertion,2488,0.00,45.00,45.00,0.00,Before
Batch1,21,Cycle,Base Deletion,2488,0.00,45.00,45.00,0.00,Before
Batch1,22,Cycle,Base Substitution,2486,0.25,28.00,27.01,0.99,Before
Batch1,22,Cycle,Base Insertion,2485,1.00,45.00,45.00,0.00,Before
Batch1,22,Cycle,Base Deletion,2485,0.00,45.00,45.00,0.00,Before
Batch1,23,Cycle,Base Substitution,2484,3.00,27.00,26.95,0.05,Before
Batch1,23,Cycle,Base Insertion,2483,0.00,45.00,45.00,0.00,Before
Batch1,23,Cycle,Base Deletion,2483,0.00,45.00,45.00,0.00,Before
Batch1,24,Cycle,Base Substitution,2486,1.00,27.00,26.30,0.70,Before
Batch1,24,Cycle,Base Insertion,2485,0.00,45.00,45.00,0.00,Before
Batch1,24,Cycle,Base Deletion,2485,0.00,45.00,45.00,0.00,Before
Batch1,25,Cycle,Base Substitution,2481,3.00,28.00,27.22,0.78,Before
Batch1,25,Cycle,Base Insertion,2480,0.00,45.00,45.00,0.00,Before
Batch1,25,Cycle,Base Deletion,2480,0.00,45.00,45.00,0.00,Before
Batch1,26,Cycle,Base Substitution,2488,3.00,27.00,26.15,0.85,Before
Batch1,26,Cycle,Base Insertion,2488,0.00,45.00,45.00,0.00,Before
Batch1,26,Cycle,Base Deletion,2488,0.00,45.00,45.00,0.00,Before
Batch1,27,Cycle,Base Substitution,2483,1.00,27.00,26.74,0.26,Before
Batch1,27,Cycle,Base Insertion,2483,0.00,45.00,45.00,0.00,Before
Batch1,27,Cycle,Base Deletion,2483,0.00,45.00,45.00,0.00,Before
Batch1,28,Cycle,Base Substitution,2482,3.00,26.00,25.89,0.11,Before
Batch1,28,Cycle,Base Insertion,2482,0.00,45.00,45.00,0.00,Before
Batch1,28,Cycle,Base Deletion,2482,0.33,45.00,45.00,0.00,Before
Batch1,29,Cycle,Base Substitution,2488,1.00,27.00,26.22,0.78,Before
Batch1,29,Cycle,Base Insertion,2488,0.00,45.00,45.00,0.00,Before
Batch1,29,Cycle,Base Deletion,2488,0.33,45.00,45.00,0.00,Before
Batch1,3,Cycle,Base Substitution,2485,3.01,28.00,27.32,0.68,Before
Batch1,30,Cycle,Base Substitution,2480,1.00,28.00,27.36,0.64,Before
Batch1,30,Cycle,Base Insertion,2480,0.00,45.00,45.00,0.00,Before
Batch1,30,Cycle,Base Deletion,2480,0.33,45.00,45.00,0.00,Before
Batch1,31,Cycle,Base Substitution,2483,4.00,26.00,25.28,0.72,Before
Batch1,31,Cycle,Base Insertion,2483,1.00,45.00,45.00,0.00,Before
Batch1,31,Cycle,Base Deletion,2483,0.00,45.00,45.00,0.00,Before
Batch1,32,Cycle,Base Substitution,2484,2.00,26.00,25.79,0.21,Before
Batch1,32,Cycle,Base Insertion,2484,0.00,45.00,45.00,0.00,Before
Batch1,32,Cycle,Base Deletion,2484,0.00,45.00,45.00,0.00,Before
Batch1,33,Cycle,Base Substitution,2486,1.00,27.00,26.43,0.57,Before
Batch1,33,Cycle,Base Insertion,2486,0.00,45.00,45.00,0.00,Before
Batch1,33,Cycle,Base Deletion,2486,0.00,45.00,45.00,0.00,Before
Batch1,34,Cycle,Base Substitution,2491,1.00,27.00,26.05,0.95,Before
Batch1,34,Cycle,Base Insertion,2491,0.00,45.00,45.00,0.00,Before
Batch1,34,Cycle,Base Deletion,2491,0.00,45.00,45.00,0.00,Before
Batch1,35,Cycle,Base Substitution,2487,4.00,26.00,25.95,0.05,Before
Batch1,35,Cycle,Base Insertion,2487,0.00,45.00,45.00,0.00,Before
Batch1,35,Cycle,Base Deletion,2487,0.00,45.00,45.00,0.00,Before
Batch1,36,Cycle,Base Substitution,2482,1.00,27.00,26.72,0.28,Before
Batch1,36,Cycle,Base Insertion,2482,0.00,45.00,45.00,0.00,Before
Batch1,36,Cycle,Base Deletion,2482,0.00,45.00,45.00,0.00,Before
Batch1,37,Cycle,Base Substitution,2476,1.33,27.00,26.35,0.65,Before
Batch1,37,Cycle,Base Insertion,2476,0.00,45.00,45.00,0.00,Before
Batch1,37,Cycle,Base Deletion,2476,0.00,45.00,45.00,0.00,Before
Batch1,38,Cycle,Base Substitution,2485,2.33,27.00,26.54,0.46,Before
Batch1,38,Cycle,Base Insertion,2485,0.00,45.00,45.00,0.00,Before
Batch1,38,Cycle,Base Deletion,2485,0.00,45.00,45.00,0.00,Before
Batch1,39,Cycle,Base Substitution,2482,3.33,28.00,27.34,0.66,Before
Batch1,39,Cycle,Base Insertion,2482,0.00,45.00,45.00,0.00,Before
Batch1,39,Cycle,Base Deletion,2482,0.00,45.00,45.00,0.00,Before
Batch1,4,Cycle,Base Substitution,2476,3.01,26.00,25.99,0.01,Before
Batch1,40,Cycle,Base Substitution,2485,3.00,27.00,26.78,0.22,Before
Batch1,40,Cycle,Base Insertion,2485,0.00,45.00,45.00,0.00,Before
Batch1,40,Cycle,Base Deletion,2485,0.00,45.00,45.00,0.00,Before
Batch1,41,Cycle,Base Substitution,2486,0.00,26.00,25.98,0.02,Before
Batch1,41,Cycle,Base Insertion,2486,0.00,45.00,45.00,0.00,Before
Batch1,41,Cycle,Base Deletion,2486,0.00,45.00,45.00,0.00,Before
Batch1,42,Cycle,Base Substitution,2484,2.00,26.00,25.03,0.97,Before
Batch1,42,Cycle,Base Insertion,2484,0.00,45.00,45.00,0.00,Before
Batch1,42,Cycle,Base Deletion,2484,0.00,45.00,45.00,0.00,Before
Batch1,43,Cycle,Base Substitution,2482,2.00,26.00,25.60,0.40,Before
Batch1,43,Cycle,Base Insertion,2482,0.00,45.00,45.00,0.00,Before
Batch1,43,Cycle,Base Deletion,2482,0.00,45.00,45.00,0.00,Before
Batch1,44,Cycle,Base Substitution,2482,2.00,27.00,26.43,0.57,Before
Batch1,44,Cycle,Base Insertion,2481,0.00,45.00,45.00,0.00,Before
Batch1,44,Cycle,Base Deletion,2481,0.00,45.00,45.00,0.00,Before
Batch1,45,Cycle,Base Substitution,2484,2.00,25.00,24.90,0.10,Before
Batch1,45,Cycle,Base Insertion,2483,0.00,45.00,45.00,0.00,Before
Batch1,45,Cycle,Base Deletion,2483,0.00,45.00,45.00,0.00,Before
Batch1,46,Cycle,Base Substitution,2487,4.00,26.00,25.51,0.49,Before
Batch1,46,Cycle,Base Insertion,2485,0.00,45.00,45.00,0.00,Before
Batch1,46,Cycle,Base Deletion,2485,0.00,45.00,45.00,0.00,Before
Batch1,47,Cycle,Base Substitution,2478,1.00,27.00,26.31,0.69,Before
Batch1,47,Cycle,Base Insertion,2476,0.00,45.00,45.00,0.00,Before
Batch1,47,Cycle,Base Deletion,2476,0.00,45.00,45.00,0.00,Before
Batch1,48,Cycle,Base Substitution,2479,3.00,26.00,25.59,0.41,Before
Batch1,48,Cycle,Base Insertion,2478,0.00,45.00,45.00,0.00,Before
Batch1,48,Cycle,Base Deletion,2478,0.00,45.00,45.00,0.00,Before
Batch1,49,Cycle,Base Substitution,2478,2.00,26.00,25.28,0.72,Before
Batch1,49,Cycle,Base Insertion,2477,0.00,45.00,45.00,0.00,Before
Batch1,49,Cycle,Base Deletion,2477,0.00,45.00,45.00,0.00,Before
Batch1,5,Cycle,Base Substitution,2483,2.18,28.00,27.16,0.84,Before
Batch1,5,Cycle,Base Insertion,2483,0.00,45.00,45.00,0.00,Before
Batch1,5,Cycle,Base Deletion,2483,0.00,45.00,45.00,0.00,Before
Batch1,50,Cycle,Base Substitution,2476,2.00,26.00,25.67,0.33,Before
Batch1,50,Cycle,Base Insertion,2476,0.00,45.00,45.00,0.00,Before
Batch1,50,Cycle,Base Deletion,2476,0.00,45.00,45.00,0.00,Before
Batch1,51,Cycle,Base Substitution,2480,4.00,26.00,25.62,0.38,Before
Batch1,51,Cycle,Base Insertion,2480,0.00,45.00,45.00,0.00,Before
Batch1,51,Cycle,Base Deletion,2480,0.00,45.00,45.00,0.00,Before
Batch1,52,Cycle,Base Substitution,2481,2.00,27.00,26.10,0.90,Before
Batch1,52,Cycle,Base Insertion,2481,0.00,45.00,45.00,0.00,Before
Batch1,52,Cycle,Base Deletion,2481,0.00,45.00,45.00,0.00,Before
Batch1,53,Cycle,Base Substitution,2478,2.00,27.00,26.64,0.36,Before
Batch1,53,Cycle,Base Insertion,2478,0.00,45.00,45.00,0.00,Before
Batch1,53,Cycle,Base Deletion,2478,0.00,45.00,45.00,0.00,Before
Batch1,54,Cycle,Base Substitution,2483,2.00,26.00,25.31,0.69,Before
Batch1,54,Cycle,Base Insertion,2483,0.00,45.00,45.00,0.00,Before
Batch1,54,Cycle,Base Deletion,2483,0.00,45.00,45.00,0.00,Before
Batch1,55,Cycle,Base Substitution,2482,3.00,27.00,26.44,0.56,Before
Batch1,55,Cycle,Base Insertion,2482,0.00,45.00,45.00,0.00,Before
Batch1,55,Cycle,Base Deletion,2482,0.00,45.00,45.00,0.00,Before
Batch1,56,Cycle,Base Substitution,2473,2.00,27.00,26.10,0.90,Before
Batch1,56,Cycle,Base Insertion,2473,0.00,45.00,45.00,0.00,Before
Batch1,56,Cycle,Base Deletion,2473,0.00,45.00,45.00,0.00,Before
Batch1,57,Cycle,Base Substitution,2467,1.00,25.00,24.91,0.09,Before
Batch1,57,Cycle,Base Insertion,2467,0.00,45.00,45.00,0.00,Before
Batch1,57,Cycle,Base Deletion,2467,0.00,45.00,45.00,0.00,Before
Batch1,58,Cycle,Base Substitution,2480,3.00,27.00,26.10,0.90,Before
Batch1,58,Cycle,Base Insertion,2480,0.00,45.00,45.00,0.00,Before
Batch1,58,Cycle,Base Deletion,2480,0.00,45.00,45.00,0.00,Before
Batch1,59,Cycle,Base Substitution,2477,3.00,26.00,25.94,0.06,Before
Batch1,59,Cycle,Base Insertion,2477,0.00,45.00,45.00,0.00,Before
Batch1,59,Cycle,Base Deletion,2477,0.00,45.00,45.00,0.00,Before
Batch1,6,Cycle,Base Substitution,2488,2.66,28.00,27.08,0.92,Before
Batch1,6,Cycle,Base Insertion,2488,0.00,45.00,45.00,0.00,Before
Batch1,6,Cycle,Base Deletion,2488,0.00,45.00,45.00,0.00,Before
Batch1,60,Cycle,Base Substitution,2478,1.25,25.00,24.89,0.11,Before
Batch1,60,Cycle,Base Insertion,2478,0.00,45.00,45.00,0.00,Before
Batch1,60,Cycle,Base Deletion,2478,0.00,45.00,45.00,0.00,Before
Batch1,61,Cycle,Base Substitution,2483,1.25,26.00,25.12,0.88,Before
Batch1,61,Cycle,Base Insertion,2483,0.00,45.00,45.00,0.00,Before
Batch1,61,Cycle,Base Deletion,2483,0.00,45.00,45.00,0.00,Before
Batch1,62,Cycle,Base Substitution,2474,2.25,26.00,25.11,0.89,Before
Batch1,62,Cycle,Base Insertion,2474,0.00,45.00,45.00,0.00,Before
Batch1,62,Cycle,Base Deletion,2474,0.00,45.00,45.00,0.00,Before
Batch1,63,Cycle,Base Substitution,2468,0.25,26.00,25.14,0.86,Before
Batch1,63,Cycle,Base Insertion,2468,0.00,45.00,45.00,0.00,Before
Batch1,63,Cycle,Base Deletion,2468,0.00,45.00,45.00,0.00,Before
Batch1,64,Cycle,Base Substitution,2465,2.00,27.00,26.03,0.97,Before
Batch1,64,Cycle,Base Insertion,2465,0.00,45.00,45.00,0.00,Before
Batch1,64,Cycle,Base Deletion,2465,0.00,45.00,45.00,0.00,Before
Batch1,65,Cycle,Base Substitution,2477,1.00,25.00,24.51,0.49,Before
Batch1,65,Cycle,Base Insertion,2476,0.00,45.00,45.00,0.00,Before
Batch1,65,Cycle,Base Deletion,2476,0.00,45.00,45.00,0.00,Before
Batch1,66,Cycle,Base Substitution,2472,0.00,26.00,25.37,0.63,Before
Batch1,66,Cycle,Base Insertion,2470,0.33,45.00,45.00,0.00,Before
Batch1,66,Cycle,Base Deletion,2470,0.00,45.00,45.00,0.00,Before
Batch1,67,Cycle,Base Substitution,2473,3.00,24.00,23.46,0.54,Before
Batch1,67,Cycle,Base Insertion,2471,0.33,45.00,45.00,0.00,Before
Batch1,67,Cycle,Base Deletion,2471,0.00,45.00,45.00,0.00,Before
Batch1,68,Cycle,Base Substitution,2473,1.00,25.00,24.78,0.22,Before
Batch1,68,Cycle,Base Insertion,2471,0.00,45.00,45.00,0.00,Before
Batch1,68,Cycle,Base Deletion,2471,0.25,45.00,45.00,0.00,Before
Batch1,69,Cycle,Base Substitution,2474,2.00,26.00,25.24,0.76,Before
Batch1,69,Cycle,Base Insertion,2473,0.00,45.00,45.00,0.00,Before
Batch1,69,Cycle,Base Deletion,2473,0.25,45.00,45.00,0.00,Before
Batch1,7,Cycle,Base Substitution,2484,1.33,27.00,26.73,0.27,Before
Batch1,7,Cycle,Base Insertion,2484,0.00,45.00,45.00,0.00,Before
Batch1,7,Cycle,Base Deletion,2484,0.00,45.00,45.00,0.00,Before
Batch1,70,Cycle,Base Substitution,2464,1.00,25.00,24.83,0.17,Before
Batch1,70,Cycle,Base Insertion,2464,0.00,45.00,45.00,0.00,Before
Batch1,70,Cycle,Base Deletion,2464,0.25,45.00,45.00,0.00,Before
Batch1,71,Cycle,Base Substitution,2460,1.00,25.00,24.40,0.60,Before
Batch1,71,Cycle,Base Insertion,2460,0.00,45.00,45.00,0.00,Before
Batch1,71,Cycle,Base Deletion,2460,0.25,45.00,45.00,0.00,Before
Batch1,72,Cycle,Base Substitution,2473,3.00,25.00,24.16,0.84,Before
Batch1,72,Cycle,Base Insertion,2473,0.00,45.00,45.00,0.00,Before
Batch1,72,Cycle,Base Deletion,2473,0.00,45.00,45.00,0.00,Before
Batch1,73,Cycle,Base Substitution,2477,6.00,25.00,24.83,0.17,Before
Batch1,73,Cycle,Base Insertion,2477,0.00,45.00,45.00,0.00,Before
Batch1,73,Cycle,Base Deletion,2477,0.00,45.00,45.00,0.00,Before
Batch1,74,Cycle,Base Substitution,2474,4.00,25.00,24.50,0.50,Before
Batch1,74,Cycle,Base Insertion,2474,0.00,45.00,45.00,0.00,Before
Batch1,74,Cycle,Base Deletion,2474,0.00,45.00,45.00,0.00,Before
Batch1,75,Cycle,Base Substitution,2471,3.00,24.00,23.87,0.13,Before
Batch1,75,Cycle,Base Insertion,2471,0.00,45.00,45.00,0.00,Before
Batch1,75,Cycle,Base Deletion,2471,0.00,45.00,45.00,0.00,Before
Batch1,76,Cycle,Base Substitution,2478,0.00,25.00,24.10,0.90,Before
Batch1,76,Cycle,Base Insertion,2478,0.00,45.00,45.00,0.00,Before
Batch1,76,Cycle,Base Deletion,2478,0.00,45.00,45.00,0.00,Before
Batch1,77,Cycle,Base Substitution,2471,2.00,25.00,24.44,0.56,Before
Batch1,77,Cycle,Base Insertion,2471,0.00,45.00,45.00,0.00,Before
Batch1,77,Cycle,Base Deletion,2471,0.00,45.00,45.00,0.00,Before
Batch1,78,Cycle,Base Substitution,2466,0.20,24.00,23.78,0.22,Before
Batch1,78,Cycle,Base Insertion,2466,0.00,45.00,45.00,0.00,Before
Batch1,78,Cycle,Base Deletion,2466,0.00,45.00,45.00,0.00,Before
Batch1,79,Cycle,Base Substitution,2465,4.20,24.00,23.62,0.38,Before
Batch1,79,Cycle,Base Insertion,2465,0.00,45.00,45.00,0.00,Before
Batch1,79,Cycle,Base Deletion,2465,0.00,45.00,45.00,0.00,Before
Batch1,8,Cycle,Base Substitution,2479,3.33,28.00,27.96,0.04,Before
Batch1,8,Cycle,Base Insertion,2479,0.00,45.00,45.00,0.00,Before
Batch1,8,Cycle,Base Deletion,2479,0.00,45.00,45.00,0.00,Before
Batch1,80,Cycle,Base Substitution,2475,6.20,24.00,23.91,0.09,Before
Batch1,80,Cycle,Base Insertion,2475,0.00,45.00,45.00,0.00,Before
Batch1,80,Cycle,Base Deletion,2475,0.00,45.00,45.00,0.00,Before
Batch1,81,Cycle,Base Substitution,2459,1.20,25.00,24.19,0.81,Before
Batch1,81,Cycle,Base Insertion,2459,0.00,45.00,45.00,0.00,Before
Batch1,81,Cycle,Base Deletion,2459,0.00,45.00,45.00,0.00,Before
Batch1,82,Cycle,Base Substitution,2464,2.20,25.00,24.68,0.32,Before
Batch1,82,Cycle,Base Insertion,2464,0.00,45.00,45.00,0.00,Before
Batch1,82,Cycle,Base Deletion,2464,0.00,45.00,45.00,0.00,Before
Batch1,83,Cycle,Base Substitution,2468,3.00,24.00,23.38,0.62,Before
Batch1,83,Cycle,Base Insertion,2468,0.00,45.00,45.00,0.00,Before
Batch1,83,Cycle,Base Deletion,2468,0.33,45.00,45.00,0.00,Before
Batch1,84,Cycle,Base Substitution,2462,3.00,25.00,24.03,0.97,Before
Batch1,84,Cycle,Base Insertion,2461,0.00,45.00,45.00,0.00,Before
Batch1,84,Cycle,Base Deletion,2461,0.67,45.00,45.00,0.00,Before
Batch1,85,Cycle,Base Substitution,2461,1.00,24.00,22.91,1.09,Before
Batch1,85,Cycle,Base Insertion,2459,0.00,45.00,45.00,0.00,Before
Batch1,85,Cycle,Base Deletion,2459,0.67,45.00,45.00,0.00,Before
Batch1,86,Cycle,Base Substitution,2452,3.00,24.00,23.11,0.89,Before
Batch1,86,Cycle,Base Insertion,2450,0.00,45.00,45.00,0.00,Before
Batch1,86,Cycle,Base Deletion,2450,0.67,45.00,45.00,0.00,Before
Batch1,87,Cycle,Base Substitution,2465,5.00,23.00,22.64,0.36,Before
Batch1,87,Cycle,Base Insertion,2462,0.00,45.00,45.00,0.00,Before
Batch1,87,Cycle,Base Deletion,2462,0.67,45.00,45.00,0.00,Before
Batch1,88,Cycle,Base Substitution,2454,3.00,23.00,22.46,0.54,Before
Batch1,88,Cycle,Base Insertion,2452,0.00,45.00,45.00,0.00,Before
Batch1,88,Cycle,Base Deletion,2452,0.33,45.00,45.00,0.00,Before
Batch1,89,Cycle,Base Substitution,2457,1.00,24.00,22.71,1.29,Before
Batch1,89,Cycle,Base Insertion,2456,0.00,45.00,45.00,0.00,Before
Batch1,89,Cycle,Base Deletion,2456,0.00,45.00,45.00,0.00,Before
Batch1,9,Cycle,Base Substitution,2488,2.00,27.00,26.39,0.61,Before
Batch1,9,Cycle,Base Insertion,2488,0.00,45.00,45.00,0.00,Before
Batch1,9,Cycle,Base Deletion,2488,0.00,45.00,45.00,0.00,Before
Batch1,90,Cycle,Base Substitution,2456,5.00,22.00,21.81,0.19,Before
Batch1,90,Cycle,Base Insertion,2453,0.00,45.00,45.00,0.00,Before
Batch1,90,Cycle,Base Deletion,2453,0.00,45.00,45.00,0.00,Before
Batch1,91,Cycle,Base Substitution,2452,3.00,23.00,22.17,0.83,Before
Batch1,91,Cycle,Base Insertion,2449,0.00,45.00,45.00,0.00,Before
Batch1,91,Cycle,Base Deletion,2449,0.00,45.00,45.00,0.00,Before
Batch1,92,Cycle,Base Substitution,2442,4.00,23.00,21.68,1.32,Before
Batch1,92,Cycle,Base Insertion,2427,0.00,45.00,45.00,0.00,Before
Batch1,92,Cycle,Base Deletion,2427,0.00,45.00,45.00,0.00,Before
Batch1,93,Cycle,Base Substitution,2449,2.00,23.00,21.73,1.27,Before
Batch1,93,Cycle,Base Insertion,2413,0.00,45.00,45.00,0.00,Before
Batch1,93,Cycle,Base Deletion,2413,0.00,45.00,45.00,0.00,Before
Batch1,94,Cycle,Base Substitution,2458,2.17,23.00,22.04,0.96,Before
Batch1,94,Cycle,Base Insertion,2319,0.00,45.00,45.00,0.00,Before
Batch1,94,Cycle,Base Deletion,2319,0.00,45.00,45.00,0.00,Before
Batch1,95,Cycle,Base Substitution,2448,7.17,22.00,21.76,0.24,Before
Batch1,95,Cycle,Base Insertion,2312,0.00,45.00,45.00,0.00,Before
Batch1,95,Cycle,Base Deletion,2312,0.00,45.00,45.00,0.00,Before
Batch1,96,Cycle,Base Substitution,2425,3.17,23.00,22.13,0.87,Before
Batch1,96,Cycle,Base Insertion,2302,0.00,45.00,45.00,0.00,Before
Batch1,96,Cycle,Base Deletion,2302,0.00,45.00,45.00,0.00,Before
Batch1,97,Cycle,Base Substitution,2407,3.17,23.00,21.87,1.13,Before
Batch1,98,Cycle,Base Substitution,2308,6.49,22.00,21.51,0.49,Before
Batch1,99,Cycle,Base Substitution,2306,3.66,22.00,21.25,0.75,Before
Batch1,10,QualityScore,Base Substitution,1096,17.83,13.00,10.00,3.00,Before
Batch1,11,QualityScore,Base Substitution,1192,14.33,13.00,11.00,2.00,Before
Batch1,12,QualityScore,Base Substitution,1309,9.00,14.00,12.00,2.00,Before
Batch1,13,QualityScore,Base Substitution,1414,9.50,15.00,13.00,2.00,Before
Batch1,14,QualityScore,Base Substitution,1542,8.00,16.00,14.00,2.00,Before
Batch1,15,QualityScore,Base Substitution,1661,5.00,17.00,15.00,2.00,Before
Batch1,16,QualityScore,Base Substitution,1935,7.00,18.00,16.00,2.00,Before
Batch1,17,QualityScore,Base Substitution,2060,11.00,18.00,17.00,1.00,Before
Batch1,18,QualityScore,Base Substitution,2185,1.00,19.00,18.00,1.00,Before
Batch1,19,QualityScore,Base Substitution,2507,4.83,20.00,19.00,1.00,Before
Batch1,20,QualityScore,Base Substitution,2791,6.17,21.00,20.00,1.00,Before
Batch1,21,QualityScore,Base Substitution,3084,3.67,22.00,21.00,1.00,Before
Batch1,22,QualityScore,Base Substitution,3408,3.53,23.00,22.00,1.00,Before
Batch1,23,QualityScore,Base Substitution,3733,6.25,24.00,23.00,1.00,Before
Batch1,24,QualityScore,Base Substitution,3934,2.75,25.00,24.00,1.00,Before
Batch1,25,QualityScore,Base Substitution,4630,6.48,25.00,25.00,0.00,Before
Batch1,26,QualityScore,Base Substitution,5083,3.00,26.00,26.00,0.00,Before
Batch1,27,QualityScore,Base Substitution,5727,2.39,27.00,27.00,0.00,Before
Batch1,28,QualityScore,Base Substitution,6467,5.58,28.00,28.00,0.00,Before
Batch1,29,QualityScore,Base Substitution,7313,7.25,29.00,29.00,0.00,Before
Batch1,30,QualityScore,Base Substitution,8478,5.00,30.00,30.00,0.00,Before
Batch1,31,QualityScore,Base Substitution,9914,5.67,31.00,31.00,0.00,Before
Batch1,32,QualityScore,Base Substitution,11415,11.08,32.00,32.00,0.00,Before
Batch1,33,QualityScore,Base Substitution,14492,11.67,33.00,33.00,0.00,Before
Batch1,34,QualityScore,Base Substitution,18360,5.32,34.00,34.00,0.00,Before
Batch1,35,QualityScore,Base Substitution,25160,16.48,35.00,35.00,0.00,Before
Batch1,36,QualityScore,Base Substitution,39857,15.65,36.00,36.00,0.00,Before
Batch1,37,QualityScore,Base Substitution,93939,56.07,35.00,37.00,-2.00,Before
Batch1,38,QualityScore,Base Substitution,205471,120.75,35.00,38.00,-3.00,Before
Batch1,45,QualityScore,Base Insertion,494078,7.67,45.00,45.00,0.00,Before
Batch1,45,QualityScore,Base Deletion,494078,17.00,45.00,45.00,0.00,Before
Batch1,6,QualityScore,Base Substitution,932,27.00,10.00,6.00,4.00,Before
Batch1,7,QualityScore,Base Substitution,931,21.00,11.00,7.00,4.00,Before
Batch1,8,QualityScore,Base Substitution,991,28.00,11.00,8.00,3.00,Before
Batch1,9,QualityScore,Base Substitution,1067,21.58,12.00,9.00,3.00,Before
Batch1,AA,Context,Base Substitution,50360,24.48,32.00,30.26,1.74,After
Batch1,AAA,Context,Base Insertion,19157,0.33,45.00,45.00,0.00,After
Batch1,AAA,Context,Base Deletion,19157,0.00,45.00,45.00,0.00,After
Batch1,AAC,Context,Base Insertion,6829,0.33,45.00,45.00,0.00,After
Batch1,AAC,Context,Base Deletion,6829,0.00,45.00,45.00,0.00,After
Batch1,AAG,Context,Base Insertion,9136,0.00,45.00,45.00,0.00,After
Batch1,AAG,Context,Base Deletion,9136,0.25,45.00,45.00,0.00,After
Batch1,AAT,Context,Base Insertion,14771,0.00,45.00,45.00,0.00,After
Batch1,AAT,Context,Base Deletion,14771,0.00,45.00,45.00,0.00,After
Batch1,AC,Context,Base Substitution,24017,33.58,30.00,30.26,-0.26,After
Batch1,ACA,Context,Base Insertion,8896,0.00,45.00,45.00,0.00,After
Batch1,ACA,Context,Base Deletion,8896,0.00,45.00,45.00,0.00,After
Batch1,ACC,Context,Base Insertion,4755,0.00,45.00,45.00,0.00,After
Batch1,ACC,Context,Base Deletion,4755,0.00,45.00,45.00,0.00,After
Batch1,ACG,Context,Base Insertion,700,0.00,45.00,45.00,0.00,After
Batch1,ACG,Context,Base Deletion,700,0.00,45.00,45.00,0.00,After
Batch1,ACT,Context,Base Insertion,9397,0.00,45.00,45.00,0.00,After
Batch1,ACT,Context,Base Deletion,9397,1.08,45.00,45.00,0.00,After
Batch1,AG,Context,Base Substitution,32305,46.96,29.00,30.27,-1.27,After
Batch1,AGA,Context,Base Insertion,10696,0.00,45.00,45.00,0.00,After
Batch1,AGA,Context,Base Deletion,10696,0.00,45.00,45.00,0.00,After
Batch1,AGC,Context,Base Insertion,5352,0.00,45.00,45.00,0.00,After
Batch1,AGC,Context,Base Deletion,5352,0.00,45.00,45.00,0.00,After
Batch1,AGG,Context,Base Insertion,6661,0.33,45.00,45.00,0.00,After
Batch1,AGG,Context,Base Deletion,6661,0.25,45.00,45.00,0.00,After
Batch1,AGT,Context,Base Insertion,9325,0.00,45.00,45.00,0.00,After
Batch1,AGT,Context,Base Deletion,9325,0.00,45.00,45.00,0.00,After
Batch1,AT,Context,Base Substitution,43559,30.38,31.00,30.27,0.73,After
Batch1,ATA,Context,Base Insertion,10909,0.00,45.00,45.00,0.00,After
Batch1,ATA,Context,Base Deletion,10909,0.33,45.00,45.00,0.00,After
Batch1,ATC,Context,Base Insertion,6522,0.00,45.00,45.00,0.00,After
Batch1,ATC,Context,Base Deletion,6522,1.33,45.00,45.00,0.00,After
Batch1,ATG,Context,Base Insertion,10927,0.00,45.00,45.00,0.00,After
Batch1,ATG,Context,Base Deletion,10927,0.00,45.00,45.00,0.00,After
Batch1,ATT,Context,Base Insertion,14750,0.00,45.00,45.00,0.00,After
Batch1,ATT,Context,Base Deletion,14750,0.00,45.00,45.00,0.00,After
Batch1,CA,Context,Base Substitution,35686,16.25,31.00,30.27,0.73,After
Batch1,CAA,Context,Base Insertion,8998,0.00,45.00,45.00,0.00,After
Batch1,CAA,Context,Base Deletion,8998,0.00,45.00,45.00,0.00,After
Batch1,CAC,Context,Base Insertion,7820,0.00,45.00,45.00,0.00,After
Batch1,CAC,Context,Base Deletion,7820,0.00,45.00,45.00,0.00,After
Batch1,CAG,Context,Base Insertion,7854,0.00,45.00,45.00,0.00,After
Batch1,CAG,Context,Base Deletion,7854,0.00,45.00,45.00,0.00,After
Batch1,CAT,Context,Base Insertion,10765,5.00,45.00,45.00,0.00,After
Batch1,CAT,Context,Base Deletion,10765,0.00,45.00,45.00,0.00,After
Batch1,CC,Context,Base Substitution,23318,23.29,30.00,30.26,-0.26,After
Batch1,CCA,Context,Base Insertion,11490,0.00,45.00,45.00,0.00,After
Batch1,CCA,Context,Base Deletion,11490,0.00,45.00,45.00,0.00,After
Batch1,CCC,Context,Base Insertion,4393,0.00,45.00,45.00,0.00,After
Batch1,CCC,Context,Base Deletion,4393,0.00,45.00,45.00,0.00,After
Batch1,CCG,Context,Base Insertion,637,0.00,45.00,45.00,0.00,After
Batch1,CCG,Context,Base Deletion,637,0.00,45.00,45.00,0.00,After
Batch1,CCT,Context,Base Insertion,6544,0.00,45.00,45.00,0.00,After
Batch1,CCT,Context,Base Deletion,6544,0.00,45.00,45.00,0.00,After
Batch1,CG,Context,Base Substitution,2603,31.99,28.00,30.25,-2.25,After
Batch1,CGA,Context,Base Insertion,830,0.00,45.00,45.00,0.00,After
Batch1,CGA,Context,Base Deletion,830,0.00,45.00,45.00,0.00,After
Batch1,CGC,Context,Base Insertion,476,0.00,45.00,45.00,0.00,After
Batch1,CGC,Context,Base Deletion,476,0.00,45.00,45.00,0.00,After
Batch1,CGG,Context,Base Insertion,597,0.00,45.00,45.00,0.00,After
Batch1,CGG,Context,Base Deletion,597,0.00,45.00,45.00,0.00,After
Batch1,CGT,Context,Base Insertion,690,0.00,45.00,45.00,0.00,After
Batch1,CGT,Context,Base Deletion,690,0.00,45.00,45.00,0.00,After
Batch1,CT,Context,Base Substitution,32524,19.87,31.00,30.26,0.74,After
Batch1,CTA,Context,Base Insertion,6634,0.00,45.00,45.00,0.00,After
Batch1,CTA,Context,Base Deletion,6634,0.00,45.00,45.00,0.00,After
Batch1,CTC,Context,Base Insertion,8469,0.00,45.00,45.00,0.00,After
Batch1,CTC,Context,Base Deletion,8469,1.33,45.00,45.00,0.00,After
Batch1,CTG,Context,Base Insertion,7891,0.00,45.00,45.00,0.00,After
Batch1,CTG,Context,Base Deletion,7891,0.33,45.00,45.00,0.00,After
Batch1,CTT,Context,Base Insertion,9189,0.00,45.00,45.00,0.00,After
Batch1,CTT,Context,Base Deletion,9189,1.08,45.00,45.00,0.00,After
Batch1,GA,Context,Base Substitution,30887,18.43,31.00,30.27,0.73,After
Batch1,GAA,Context,Base Insertion,11840,0.00,45.00,45.00,0.00,After
Batch1,GAA,Context,Base Deletion,11840,0.25,45.00,45.00,0.00,After
Batch1,GAC,Context,Base Insertion,3756,0.00,45.00,45.00,0.00,After
Batch1,GAC,Context,Base Deletion,3756,1.08,45.00,45.00,0.00,After
Batch1,GAG,Context,Base Insertion,8379,0.00,45.00,45.00,0.00,After
Batch1,GAG,Context,Base Deletion,8379,0.33,45.00,45.00,0.00,After
Batch1,GAT,Context,Base Insertion,6573,0.00,45.00,45.00,0.00,After
Batch1,GAT,Context,Base Deletion,6573,0.00,45.00,45.00,0.00,After
Batch1,GC,Context,Base Substitution,15765,24.64,30.00,30.26,-0.26,After
Batch1,GCA,Context,Base Insertion,6118,0.00,45.00,45.00,0.00,After
Batch1,GCA,Context,Base Deletion,6118,0.00,45.00,45.00,0.00,After
Batch1,GCC,Context,Base Insertion,3663,0.33,45.00,45.00,0.00,After
Batch1,GCC,Context,Base Deletion,3663,0.00,45.00,45.00,0.00,After
Batch1,GCG,Context,Base Insertion,409,0.00,45.00,45.00,0.00,After
Batch1,GCG,Context,Base Deletion,409,0.00,45.00,45.00,0.00,After
Batch1,GCT,Context,Base Insertion,5395,0.00,45.00,45.00,0.00,After
Batch1,GCT,Context,Base Deletion,5395,0.00,45.00,45.00,0.00,After
Batch1,GG,Context,Base Substitution,23243,18.33,31.00,30.26,0.74,After
Batch1,GGA,Context,Base Insertion,10141,0.00,45.00,45.00,0.00,After
Batch1,GGA,Context,Base Deletion,10141,0.58,45.00,45.00,0.00,After
Batch1,GGC,Context,Base Insertion,3530,0.33,45.00,45.00,0.00,After
Batch1,GGC,Context,Base Deletion,3530,0.00,45.00,45.00,0.00,After
Batch1,GGG,Context,Base Insertion,4531,0.00,45.00,45.00,0.00,After
Batch1,GGG,Context,Base Deletion,4531,0.00,45.00,45.00,0.00,After
Batch1,GGT,Context,Base Insertion,4819,0.00,45.00,45.00,0.00,After
Batch1,GGT,Context,Base Deletion,4819,0.00,45.00,45.00,0.00,After
Batch1,GT,Context,Base Substitution,24480,19.36,31.00,30.25,0.75,After
Batch1,GTA,Context,Base Insertion,5420,0.00,45.00,45.00,0.00,After
Batch1,GTA,Context,Base Deletion,5420,0.00,45.00,45.00,0.00,After
Batch1,GTC,Context,Base Insertion,4009,0.00,45.00,45.00,0.00,After
Batch1,GTC,Context,Base Deletion,4009,1.67,45.00,45.00,0.00,After
Batch1,GTG,Context,Base Insertion,7904,0.00,45.00,45.00,0.00,After
Batch1,GTG,Context,Base Deletion,7904,0.00,45.00,45.00,0.00,After
Batch1,GTT,Context,Base Insertion,6856,0.00,45.00,45.00,0.00,After
Batch1,GTT,Context,Base Deletion,6856,0.00,45.00,45.00,0.00,After
Batch1,TA,Context,Base Substitution,33082,45.38,29.00,30.26,-1.26,After
Batch1,TAA,Context,Base Insertion,9861,0.00,45.00,45.00,0.00,After
Batch1,TAA,Context,Base Deletion,9861,0.00,45.00,45.00,0.00,After
Batch1,TAC,Context,Base Insertion,5368,0.00,45.00,45.00,0.00,After
Batch1,TAC,Context,Base Deletion,5368,0.00,45.00,45.00,0.00,After
Batch1,TAG,Context,Base Insertion,6587,0.00,45.00,45.00,0.00,After
Batch1,TAG,Context,Base Deletion,6587,0.00,45.00,45.00,0.00,After
Batch1,TAT,Context,Base Insertion,11021,0.00,45.00,45.00,0.00,After
Batch1,TAT,Context,Base Deletion,11021,0.00,45.00,45.00,0.00,After
Batch1,TC,Context,Base Substitution,31160,54.50,28.00,29.89,-1.89,After
Batch1,TCA,Context,Base Insertion,8847,0.00,45.00,45.00,0.00,After
Batch1,TCA,Context,Base Deletion,8847,0.00,45.00,45.00,0.00,After
Batch1,TCC,Context,Base Insertion,10272,0.00,45.00,45.00,0.00,After
Batch1,TCC,Context,Base Deletion,10272,0.00,45.00,45.00,0.00,After
Batch1,TCG,Context,Base Insertion,832,0.00,45.00,45.00,0.00,After
Batch1,TCG,Context,Base Deletion,832,0.00,45.00,45.00,0.00,After
Batch1,TCT,Context,Base Insertion,10842,0.00,45.00,45.00,0.00,After
Batch1,TCT,Context,Base Deletion,10842,1.33,45.00,45.00,0.00,After
Batch1,TG,Context,Base Substitution,36143,37.89,30.00,30.26,-0.26,After
Batch1,TGA,Context,Base Insertion,8896,0.00,45.00,45.00,0.00,After
Batch1,TGA,Context,Base Deletion,8896,0.33,45.00,45.00,0.00,After
Batch1,TGC,Context,Base Insertion,6237,0.00,45.00,45.00,0.00,After
Batch1,TGC,Context,Base Deletion,6237,0.00,45.00,45.00,0.00,After
Batch1,TGG,Context,Base Insertion,11214,0.00,45.00,45.00,0.00,After
Batch1,TGG,Context,Base Deletion,11214,0.00,45.00,45.00,0.00,After
Batch1,TGT,Context,Base Insertion,9399,0.00,45.00,45.00,0.00,After
Batch1,TGT,Context,Base Deletion,9399,1.67,45.00,45.00,0.00,After
Batch1,TT,Context,Base Substitution,50016,26.58,31.00,30.59,0.41,After
Batch1,TTA,Context,Base Insertion,9783,0.00,45.00,45.00,0.00,After
Batch1,TTA,Context,Base Deletion,9783,0.00,45.00,45.00,0.00,After
Batch1,TTC,Context,Base Insertion,11825,1.00,45.00,45.00,0.00,After
Batch1,TTC,Context,Base Deletion,11825,0.75,45.00,45.00,0.00,After
Batch1,TTG,Context,Base Insertion,9096,0.00,45.00,45.00,0.00,After
Batch1,TTG,Context,Base Deletion,9096,1.67,45.00,45.00,0.00,After
Batch1,TTT,Context,Base Insertion,18725,0.00,45.00,45.00,0.00,After
Batch1,TTT,Context,Base Deletion,18725,0.00,45.00,45.00,0.00,After
Batch1,-1,Cycle,Base Substitution,2444,2.24,29.00,29.75,-0.75,After
Batch1,-10,Cycle,Base Substitution,2462,3.00,29.00,29.87,-0.87,After
Batch1,-10,Cycle,Base Insertion,2462,0.00,45.00,45.00,0.00,After
Batch1,-10,Cycle,Base Deletion,2462,0.00,45.00,45.00,0.00,After
Batch1,-100,Cycle,Base Substitution,2368,2.40,30.00,30.47,-0.47,After
Batch1,-11,Cycle,Base Substitution,2461,6.00,29.00,29.90,-0.90,After
Batch1,-11,Cycle,Base Insertion,2461,0.00,45.00,45.00,0.00,After
Batch1,-11,Cycle,Base Deletion,2461,0.00,45.00,45.00,0.00,After
Batch1,-12,Cycle,Base Substitution,2470,4.00,29.00,29.95,-0.95,After
Batch1,-12,Cycle,Base Insertion,2470,0.00,45.00,45.00,0.00,After
Batch1,-12,Cycle,Base Deletion,2470,0.00,45.00,45.00,0.00,After
Batch1,-13,Cycle,Base Substitution,2459,2.00,29.00,29.98,-0.98,After
Batch1,-13,Cycle,Base Insertion,2459,0.00,45.00,45.00,0.00,After
Batch1,-13,Cycle,Base Deletion,2459,0.00,45.00,45.00,0.00,After
Batch1,-14,Cycle,Base Substitution,2467,3.00,29.00,29.98,-0.98,After
Batch1,-14,Cycle,Base Insertion,2467,0.00,45.00,45.00,0.00,After
Batch1,-14,Cycle,Base Deletion,2467,0.67,45.00,45.00,0.00,After
Batch1,-15,Cycle,Base Substitution,2471,7.00,30.00,30.05,-0.05,After
Batch1,-15,Cycle,Base Insertion,2471,0.00,45.00,45.00,0.00,After
Batch1,-15,Cycle,Base Deletion,2471,0.67,45.00,45.00,0.00,After
Batch1,-16,Cycle,Base Substitution,2465,2.00,30.00,30.03,-0.03,After
Batch1,-16,Cycle,Base Insertion,2465,1.00,45.00,45.00,0.00,After
Batch1,-16,Cycle,Base Deletion,2465,1.00,45.00,45.00,0.00,After
Batch1,-17,Cycle,Base Substitution,2469,3.00,30.00,30.08,-0.08,After
Batch1,-17,Cycle,Base Insertion,2469,0.00,45.00,45.00,0.00,After
Batch1,-17,Cycle,Base Deletion,2469,0.00,45.00,45.00,0.00,After
Batch1,-18,Cycle,Base Substitution,2475,1.00,31.00,30.10,0.90,After
Batch1,-18,Cycle,Base Insertion,2475,1.33,45.00,45.00,0.00,After
Batch1,-18,Cycle,Base Deletion,2475,0.33,45.00,45.00,0.00,After
Batch1,-19,Cycle,Base Substitution,2482,3.00,30.00,30.14,-0.14,After
Batch1,-19,Cycle,Base Insertion,2481,0.33,45.00,45.00,0.00,After
Batch1,-19,Cycle,Base Deletion,2481,0.00,45.00,45.00,0.00,After
Batch1,-2,Cycle,Base Substitution,2460,1.75,29.00,29.83,-0.83,After
Batch1,-20,Cycle,Base Substitution,2474,4.00,30.00,30.15,-0.15,After
Batch1,-20,Cycle,Base Insertion,2473,0.33,45.00,45.00,0.00,After
Batch1,-20,Cycle,Base Deletion,2473,0.00,45.00,45.00,0.00,After
Batch1,-21,Cycle,Base Substitution,2475,2.00,30.00,30.14,-0.14,After
Batch1,-21,Cycle,Base Insertion,2474,0.00,45.00,45.00,0.00,After
Batch1,-21,Cycle,Base Deletion,2474,0.00,45.00,45.00,0.00,After
Batch1,-22,Cycle,Base Substitution,2479,3.00,30.00,30.17,-0.17,After
Batch1,-22,Cycle,Base Insertion,2478,0.00,45.00,45.00,0.00,After
Batch1,-22,Cycle,Base Deletion,2478,0.00,45.00,45.00,0.00,After
Batch1,-23,Cycle,Base Substitution,2477,1.00,31.00,30.18,0.82,After
Batch1,-23,Cycle,Base Insertion,2477,0.00,45.00,45.00,0.00,After
Batch1,-23,Cycle,Base Deletion,2477,0.00,45.00,45.00,0.00,After
Batch1,-24,Cycle,Base Substitution,2473,0.00,31.00,30.19,0.81,After
Batch1,-24,Cycle,Base Insertion,2473,0.00,45.00,45.00,0.00,After
Batch1,-24,Cycle,Base Deletion,2473,0.00,45.00,45.00,0.00,After
Batch1,-25,Cycle,Base Substitution,2478,0.00,31.00,30.21,0.79,After
Batch1,-25,Cycle,Base Insertion,2478,0.00,45.00,45.00,0.00,After
Batch1,-25,Cycle,Base Deletion,2478,0.00,45.00,45.00,0.00,After
Batch1,-26,Cycle,Base Substitution,2475,0.00,31.00,30.20,0.80,After
Batch1,-26,Cycle,Base Insertion,2475,0.00,45.00,45.00,0.00,After
Batch1,-26,Cycle,Base Deletion,2475,0.00,45.00,45.00,0.00,After
Batch1,-27,Cycle,Base Substitution,2479,1.00,31.00,30.20,0.80,After
Batch1,-27,Cycle,Base Insertion,2479,0.00,45.00,45.00,0.00,After
Batch1,-27,Cycle,Base Deletion,2479,0.00,45.00,45.00,0.00,After
Batch1,-28,Cycle,Base Substitution,2476,1.00,31.00,30.17,0.83,After
Batch1,-28,Cycle,Base Insertion,2476,0.00,45.00,45.00,0.00,After
Batch1,-28,Cycle,Base Deletion,2476,0.25,45.00,45.00,0.00,After
Batch1,-29,Cycle,Base Substitution,2466,3.00,30.00,30.24,-0.24,After
Batch1,-29,Cycle,Base Insertion,2465,0.00,45.00,45.00,0.00,After
Batch1,-29,Cycle,Base Deletion,2465,0.25,45.00,45.00,0.00,After
Batch1,-3,Cycle,Base Substitution,2464,4.74,29.00,29.84,-0.84,After
Batch1,-30,Cycle,Base Substitution,2476,4.00,30.00,30.21,-0.21,After
Batch1,-30,Cycle,Base Insertion,2475,0.00,45.00,45.00,0.00,After
Batch1,-30,Cycle,Base Deletion,2475,0.25,45.00,45.00,0.00,After
Batch1,-31,Cycle,Base Substitution,2465,0.00,31.00,30.23,0.77,After
Batch1,-31,Cycle,Base Insertion,2464,0.00,45.00,45.00,0.00,After
Batch1,-31,Cycle,Base Deletion,2464,0.25,45.00,45.00,0.00,After
Batch1,-32,Cycle,Base Substitution,2478,1.00,31.00,30.24,0.76,After
Batch1,-32,Cycle,Base Insertion,2477,0.00,45.00,45.00,0.00,After
Batch1,-32,Cycle,Base Deletion,2477,0.00,45.00,45.00,0.00,After
Batch1,-33,Cycle,Base Substitution,2482,5.00,30.00,30.24,-0.24,After
Batch1,-33,Cycle,Base Insertion,2481,0.00,45.00,45.00,0.00,After
Batch1,-33,Cycle,Base Deletion,2481,0.00,45.00,45.00,0.00,After
Batch1,-34,Cycle,Base Substitution,2475,2.00,30.00,30.24,-0.24,After
Batch1,-34,Cycle,Base Insertion,2473,0.00,45.00,45.00,0.00,After
Batch1,-34,Cycle,Base Deletion,2473,0.00,45.00,45.00,0.00,After
Batch1,-35,Cycle,Base Substitution,2479,5.00,30.00,30.26,-0.26,After
Batch1,-35,Cycle,Base Insertion,2477,0.00,45.00,45.00,0.00,After
Batch1,-35,Cycle,Base Deletion,2477,0.67,45.00,45.00,0.00,After
Batch1,-36,Cycle,Base Substitution,2482,1.00,31.00,30.22,0.78,After
Batch1,-36,Cycle,Base Insertion,2481,1.00,45.00,45.00,0.00,After
Batch1,-36,Cycle,Base Deletion,2481,0.67,45.00,45.00,0.00,After
Batch1,-37,Cycle,Base Substitution,2474,1.00,31.00,30.27,0.73,After
Batch1,-37,Cycle,Base Insertion,2473,0.00,45.00,45.00,0.00,After
Batch1,-37,Cycle,Base Deletion,2473,0.67,45.00,45.00,0.00,After
Batch1,-38,Cycle,Base Substitution,2479,3.00,30.00,30.33,-0.33,After
Batch1,-38,Cycle,Base Insertion,2479,0.00,45.00,45.00,0.00,After
Batch1,-38,Cycle,Base Deletion,2479,0.33,45.00,45.00,0.00,After
Batch1,-39,Cycle,Base Substitution,2474,3.00,30.00,30.32,-0.32,After
Batch1,-39,Cycle,Base Insertion,2474,0.00,45.00,45.00,0.00,After
Batch1,-39,Cycle,Base Deletion,2474,0.33,45.00,45.00,0.00,After
Batch1,-4,Cycle,Base Substitution,2464,0.75,30.00,29.85,0.15,After
Batch1,-40,Cycle,Base Substitution,2482,2.00,30.00,30.30,-0.30,After
Batch1,-40,Cycle,Base Insertion,2482,0.00,45.00,45.00,0.00,After
Batch1,-40,Cycle,Base Deletion,2482,0.67,45.00,45.00,0.00,After
Batch1,-41,Cycle,Base Substitution,2472,2.00,30.00,30.31,-0.31,After
Batch1,-41,Cycle,Base Insertion,2472,0.00,45.00,45.00,0.00,After
Batch1,-41,Cycle,Base Deletion,2472,0.33,45.00,45.00,0.00,After
Batch1,-42,Cycle,Base Substitution,2480,1.00,31.00,30.34,0.66,After
Batch1,-42,Cycle,Base Insertion,2480,0.00,45.00,45.00,0.00,After
Batch1,-42,Cycle,Base Deletion,2480,0.33,45.00,45.00,0.00,After
Batch1,-43,Cycle,Base Substitution,2472,1.00,31.00,30.31,0.69,After
Batch1,-43,Cycle,Base Insertion,2472,0.00,45.00,45.00,0.00,After
Batch1,-43,Cycle,Base Deletion,2472,0.00,45.00,45.00,0.00,After
Batch1,-44,Cycle,Base Substitution,2477,4.00,30.00,30.34,-0.34,After
Batch1,-44,Cycle,Base Insertion,2477,0.00,45.00,45.00,0.00,After
Batch1,-44,Cycle,Base Deletion,2477,0.00,45.00,45.00,0.00,After
Batch1,-45,Cycle,Base Substitution,2475,2.00,30.00,30.35,-0.35,After
Batch1,-45,Cycle,Base Insertion,2475,0.00,45.00,45.00,0.00,After
Batch1,-45,Cycle,Base Deletion,2475,0.00,45.00,45.00,0.00,After
Batch1,-46,Cycle,Base Substitution,2478,1.00,31.00,30.35,0.65,After
Batch1,-46,Cycle,Base Insertion,2478,0.00,45.00,45.00,0.00,After
Batch1,-46,Cycle,Base Deletion,2478,0.00,45.00,45.00,0.00,After
Batch1,-47,Cycle,Base Substitution,2477,3.00,30.00,30.35,-0.35,After
Batch1,-47,Cycle,Base Insertion,2477,0.00,45.00,45.00,0.00,After
Batch1,-47,Cycle,Base Deletion,2477,0.00,45.00,45.00,0.00,After
Batch1,-48,Cycle,Base Substitution,2476,3.00,30.00,30.34,-0.34,After
Batch1,-48,Cycle,Base Insertion,2476,0.00,45.00,45.00,0.00,After
Batch1,-48,Cycle,Base Deletion,2476,0.00,45.00,45.00,0.00,After
Batch1,-49,Cycle,Base Substitution,2477,5.00,30.00,30.34,-0.34,After
Batch1,-49,Cycle,Base Insertion,2476,0.00,45.00,45.00,0.00,After
Batch1,-49,Cycle,Base Deletion,2476,0.00,45.00,45.00,0.00,After
Batch1,-5,Cycle,Base Substitution,2451,3.00,29.00,29.81,-0.81,After
Batch1,-5,Cycle,Base Insertion,2451,0.00,45.00,45.00,0.00,After
Batch1,-5,Cycle,Base Deletion,2451,0.00,45.00,45.00,0.00,After
Batch1,-50,Cycle,Base Substitution,2478,1.00,31.00,30.38,0.62,After
Batch1,-50,Cycle,Base Insertion,2477,0.00,45.00,45.00,0.00,After
Batch1,-50,Cycle,Base Deletion,2477,0.00,45.00,45.00,0.00,After
Batch1,-51,Cycle,Base Substitution,2479,2.00,30.00,30.38,-0.38,After
Batch1,-51,Cycle,Base Insertion,2478,0.00,45.00,45.00,0.00,After
Batch1,-51,Cycle,Base Deletion,2478,0.00,45.00,45.00,0.00,After
Batch1,-52,Cycle,Base Substitution,2479,3.00,30.00,30.37,-0.37,After
Batch1,-52,Cycle,Base Insertion,2478,0.00,45.00,45.00,0.00,After
Batch1,-52,Cycle,Base Deletion,2478,0.00,45.00,45.00,0.00,After
Batch1,-53,Cycle,Base Substitution,2479,1.00,31.00,30.36,0.64,After
Batch1,-53,Cycle,Base Insertion,2479,0.00,45.00,45.00,0.00,After
Batch1,-53,Cycle,Base Deletion,2479,0.00,45.00,45.00,0.00,After
Batch1,-54,Cycle,Base Substitution,2471,3.00,30.00,30.38,-0.38,After
Batch1,-54,Cycle,Base Insertion,2471,0.00,45.00,45.00,0.00,After
Batch1,-54,Cycle,Base Deletion,2471,0.00,45.00,45.00,0.00,After
Batch1,-55,Cycle,Base Substitution,2479,2.00,30.00,30.40,-0.40,After
Batch1,-55,Cycle,Base Insertion,2479,0.00,45.00,45.00,0.00,After
Batch1,-55,Cycle,Base Deletion,2479,0.00,45.00,45.00,0.00,After
Batch1,-56,Cycle,Base Substitution,2480,1.00,31.00,30.37,0.63,After
Batch1,-56,Cycle,Base Insertion,2480,0.00,45.00,45.00,0.00,After
Batch1,-56,Cycle,Base Deletion,2480,0.00,45.00,45.00,0.00,After
Batch1,-57,Cycle,Base Substitution,2482,1.00,31.00,30.44,0.56,After
Batch1,-57,Cycle,Base Insertion,2482,0.00,45.00,45.00,0.00,After
Batch1,-57,Cycle,Base Deletion,2482,0.00,45.00,45.00,0.00,After
Batch1,-58,Cycle,Base Substitution,2477,3.00,30.00,30.41,-0.41,After
Batch1,-58,Cycle,Base Insertion,2477,0.00,45.00,45.00,0.00,After
Batch1,-58,Cycle,Base Deletion,2477,0.00,45.00,45.00,0.00,After
Batch1,-59,Cycle,Base Substitution,2473,1.00,31.00,30.43,0.57,After
Batch1,-59,Cycle,Base Insertion,2473,0.00,45.00,45.00,0.00,After
Batch1,-59,Cycle,Base Deletion,2473,0.25,45.00,45.00,0.00,After
Batch1,-6,Cycle,Base Substitution,2454,3.00,29.00,29.89,-0.89,After
Batch1,-6,Cycle,Base Insertion,2454,0.00,45.00,45.00,0.00,After
Batch1,-6,Cycle,Base Deletion,2454,0.00,45.00,45.00,0.00,After
Batch1,-60,Cycle,Base Substitution,2483,3.00,30.00,30.43,-0.43,After
Batch1,-60,Cycle,Base Insertion,2483,0.00,45.00,45.00,0.00,After
Batch1,-60,Cycle,Base Deletion,2483,0.25,45.00,45.00,0.00,After
Batch1,-61,Cycle,Base Substitution,2480,3.00,30.00,30.42,-0.42,After
Batch1,-61,Cycle,Base Insertion,2480,0.00,45.00,45.00,0.00,After
Batch1,-61,Cycle,Base Deletion,2480,0.25,45.00,45.00,0.00,After
Batch1,-62,Cycle,Base Substitution,2483,0.00,31.00,30.39,0.61,After
Batch1,-62,Cycle,Base Insertion,2483,0.00,45.00,45.00,0.00,After
Batch1,-62,Cycle,Base Deletion,2483,0.50,45.00,45.00,0.00,After
Batch1,-63,Cycle,Base Substitution,2485,6.00,30.00,30.39,-0.39,After
Batch1,-63,Cycle,Base Insertion,2484,0.00,45.00,45.00,0.00,After
Batch1,-63,Cycle,Base Deletion,2484,0.25,45.00,45.00,0.00,After
Batch1,-64,Cycle,Base Substitution,2479,2.00,30.00,30.42,-0.42,After
Batch1,-64,Cycle,Base Insertion,2478,0.00,45.00,45.00,0.00,After
Batch1,-64,Cycle,Base Deletion,2478,0.25,45.00,45.00,0.00,After
Batch1,-65,Cycle,Base Substitution,2484,3.00,30.00,30.38,-0.38,After
Batch1,-65,Cycle,Base Insertion,2483,0.00,45.00,45.00,0.00,After
Batch1,-65,Cycle,Base Deletion,2483,0.25,45.00,45.00,0.00,After
Batch1,-66,Cycle,Base Substitution,2481,2.00,30.00,30.39,-0.39,After
Batch1,-66,Cycle,Base Insertion,2480,0.00,45.00,45.00,0.00,After
Batch1,-66,Cycle,Base Deletion,2480,0.00,45.00,45.00,0.00,After
Batch1,-67,Cycle,Base Substitution,2483,0.00,31.00,30.40,0.60,After
Batch1,-67,Cycle,Base Insertion,2483,0.00,45.00,45.00,0.00,After
Batch1,-67,Cycle,Base Deletion,2483,0.00,45.00,45.00,0.00,After
Batch1,-68,Cycle,Base Substitution,2480,2.00,30.00,30.42,-0.42,After
Batch1,-68,Cycle,Base Insertion,2479,0.00,45.00,45.00,0.00,After
Batch1,-68,Cycle,Base Deletion,2479,0.00,45.00,45.00,0.00,After
Batch1,-69,Cycle,Base Substitution,2476,3.00,30.00,30.40,-0.40,After
Batch1,-69,Cycle,Base Insertion,2475,0.00,45.00,45.00,0.00,After
Batch1,-69,Cycle,Base Deletion,2475,0.00,45.00,45.00,0.00,After
Batch1,-7,Cycle,Base Substitution,2460,3.00,29.00,29.89,-0.89,After
Batch1,-7,Cycle,Base Insertion,2460,0.00,45.00,45.00,0.00,After
Batch1,-7,Cycle,Base Deletion,2460,0.00,45.00,45.00,0.00,After
Batch1,-70,Cycle,Base Substitution,2483,2.00,30.00,30.40,-0.40,After
Batch1,-70,Cycle,Base Insertion,2482,0.00,45.00,45.00,0.00,After
Batch1,-70,Cycle,Base Deletion,2482,0.00,45.00,45.00,0.00,After
Batch1,-71,Cycle,Base Substitution,2475,4.00,30.00,30.43,-0.43,After
Batch1,-71,Cycle,Base Insertion,2473,0.00,45.00,45.00,0.00,After
Batch1,-71,Cycle,Base Deletion,2473,0.00,45.00,45.00,0.00,After
Batch1,-72,Cycle,Base Substitution,2482,2.00,30.00,30.42,-0.42,After
Batch1,-72,Cycle,Base Insertion,2481,0.00,45.00,45.00,0.00,After
Batch1,-72,Cycle,Base Deletion,2481,0.33,45.00,45.00,0.00,After
Batch1,-73,Cycle,Base Substitution,2477,1.00,31.00,30.41,0.59,After
Batch1,-73,Cycle,Base Insertion,2476,0.00,45.00,45.00,0.00,After
Batch1,-73,Cycle,Base Deletion,2476,0.33,45.00,45.00,0.00,After
Batch1,-74,Cycle,Base Substitution,2485,5.00,30.00,30.41,-0.41,After
Batch1,-74,Cycle,Base Insertion,2483,0.00,45.00,45.00,0.00,After
Batch1,-74,Cycle,Base Deletion,2483,0.33,45.00,45.00,0.00,After
Batch1,-75,Cycle,Base Substitution,2486,3.00,30.00,30.42,-0.42,After
Batch1,-75,Cycle,Base Insertion,2485,0.00,45.00,45.00,0.00,After
Batch1,-75,Cycle,Base Deletion,2485,0.00,45.00,45.00,0.00,After
Batch1,-76,Cycle,Base Substitution,2476,1.00,31.00,30.44,0.56,After
Batch1,-76,Cycle,Base Insertion,2475,0.00,45.00,45.00,0.00,After
Batch1,-76,Cycle,Base Deletion,2475,0.00,45.00,45.00,0.00,After
Batch1,-77,Cycle,Base Substitution,2477,3.00,30.00,30.41,-0.41,After
Batch1,-77,Cycle,Base Insertion,2476,0.00,45.00,45.00,0.00,After
Batch1,-77,Cycle,Base Deletion,2476,0.00,45.00,45.00,0.00,After
Batch1,-78,Cycle,Base Substitution,2471,2.00,30.00,30.48,-0.48,After
Batch1,-78,Cycle,Base Insertion,2471,0.00,45.00,45.00,0.00,After
Batch1,-78,Cycle,Base Deletion,2471,0.00,45.00,45.00,0.00,After
Batch1,-79,Cycle,Base Substitution,2477,3.00,30.00,30.42,-0.42,After
Batch1,-79,Cycle,Base Insertion,2477,0.00,45.00,45.00,0.00,After
Batch1,-79,Cycle,Base Deletion,2477,0.00,45.00,45.00,0.00,After
Batch1,-8,Cycle,Base Substitution,2460,3.00,29.00,29.88,-0.88,After
Batch1,-8,Cycle,Base Insertion,2460,0.00,45.00,45.00,0.00,After
Batch1,-8,Cycle,Base Deletion,2460,0.00,45.00,45.00,0.00,After
Batch1,-80,Cycle,Base Substitution,2479,1.00,31.00,30.44,0.56,After
Batch1,-80,Cycle,Base Insertion,2479,0.00,45.00,45.00,0.00,After
Batch1,-80,Cycle,Base Deletion,2479,0.00,45.00,45.00,0.00,After
Batch1,-81,Cycle,Base Substitution,2486,4.00,30.00,30.43,-0.43,After
Batch1,-81,Cycle,Base Insertion,2486,0.00,45.00,45.00,0.00,After
Batch1,-81,Cycle,Base Deletion,2486,0.00,45.00,45.00,0.00,After
Batch1,-82,Cycle,Base Substitution,2478,0.00,31.00,30.42,0.58,After
Batch1,-82,Cycle,Base Insertion,2477,0.00,45.00,45.00,0.00,After
Batch1,-82,Cycle,Base Deletion,2477,0.00,45.00,45.00,0.00,After
Batch1,-83,Cycle,Base Substitution,2476,3.00,30.00,30.48,-0.48,After
Batch1,-83,Cycle,Base Insertion,2475,0.00,45.00,45.00,0.00,After
Batch1,-83,Cycle,Base Deletion,2475,0.00,45.00,45.00,0.00,After
Batch1,-84,Cycle,Base Substitution,2472,2.00,30.00,30.46,-0.46,After
Batch1,-84,Cycle,Base Insertion,2471,0.00,45.00,45.00,0.00,After
Batch1,-84,Cycle,Base Deletion,2471,0.00,45.00,45.00,0.00,After
Batch1,-85,Cycle,Base Substitution,2473,1.00,31.00,30.44,0.56,After
Batch1,-85,Cycle,Base Insertion,2472,0.00,45.00,45.00,0.00,After
Batch1,-85,Cycle,Base Deletion,2472,0.00,45.00,45.00,0.00,After
Batch1,-86,Cycle,Base Substitution,2476,4.00,30.00,30.42,-0.42,After
Batch1,-86,Cycle,Base Insertion,2475,0.00,45.00,45.00,0.00,After
Batch1,-86,Cycle,Base Deletion,2475,0.00,45.00,45.00,0.00,After
Batch1,-87,Cycle,Base Substitution,2474,3.00,30.00,30.43,-0.43,After
Batch1,-87,Cycle,Base Insertion,2473,0.00,45.00,45.00,0.00,After
Batch1,-87,Cycle,Base Deletion,2473,0.00,45.00,45.00,0.00,After
Batch1,-88,Cycle,Base Substitution,2474,3.00,30.00,30.44,-0.44,After
Batch1,-88,Cycle,Base Insertion,2473,1.00,45.00,45.00,0.00,After
Batch1,-88,Cycle,Base Deletion,2473,0.00,45.00,45.00,0.00,After
Batch1,-89,Cycle,Base Substitution,2473,1.00,31.00,30.44,0.56,After
Batch1,-89,Cycle,Base Insertion,2472,0.00,45.00,45.00,0.00,After
Batch1,-89,Cycle,Base Deletion,2472,0.00,45.00,45.00,0.00,After
Batch1,-9,Cycle,Base Substitution,2452,2.00,29.00,29.87,-0.87,After
Batch1,-9,Cycle,Base Insertion,2452,0.00,45.00,45.00,0.00,After
Batch1,-9,Cycle,Base Deletion,2452,0.00,45.00,45.00,0.00,After
Batch1,-90,Cycle,Base Substitution,2473,4.00,30.00,30.42,-0.42,After
Batch1,-90,Cycle,Base Insertion,2472,0.00,45.00,45.00,0.00,After
Batch1,-90,Cycle,Base Deletion,2472,0.00,45.00,45.00,0.00,After
Batch1,-91,Cycle,Base Substitution,2482,1.00,31.00,30.44,0.56,After
Batch1,-91,Cycle,Base Insertion,2480,0.00,45.00,45.00,0.00,After
Batch1,-91,Cycle,Base Deletion,2480,0.00,45.00,45.00,0.00,After
Batch1,-92,Cycle,Base Substitution,2476,1.00,31.00,30.47,0.53,After
Batch1,-92,Cycle,Base Insertion,2471,0.00,45.00,45.00,0.00,After
Batch1,-92,Cycle,Base Deletion,2471,0.00,45.00,45.00,0.00,After
Batch1,-93,Cycle,Base Substitution,2472,1.00,31.00,30.41,0.59,After
Batch1,-93,Cycle,Base Insertion,2452,0.00,45.00,45.00,0.00,After
Batch1,-93,Cycle,Base Deletion,2452,0.00,45.00,45.00,0.00,After
Batch1,-94,Cycle,Base Substitution,2477,2.14,30.00,30.46,-0.46,After
Batch1,-94,Cycle,Base Insertion,2372,0.00,45.00,45.00,0.00,After
Batch1,-94,Cycle,Base Deletion,2372,0.00,45.00,45.00,0.00,After
Batch1,-95,Cycle,Base Substitution,2470,1.14,31.00,30.42,0.58,After
Batch1,-95,Cycle,Base Insertion,2367,0.00,45.00,45.00,0.00,After
Batch1,-95,Cycle,Base Deletion,2367,0.00,45.00,45.00,0.00,After
Batch1,-96,Cycle,Base Substitution,2467,4.14,30.00,30.40,-0.40,After
Batch1,-96,Cycle,Base Insertion,2366,0.00,45.00,45.00,0.00,After
Batch1,-96,Cycle,Base Deletion,2366,0.00,45.00,45.00,0.00,After
Batch1,-97,Cycle,Base Substitution,2451,3.39,30.00,30.33,-0.33,After
Batch1,-98,Cycle,Base Substitution,2369,3.40,30.00,30.40,-0.40,After
Batch1,-99,Cycle,Base Substitution,2367,2.39,30.00,30.43,-0.43,After
Batch1,1,Cycle,Base Substitution,2478,2.31,30.00,30.43,-0.43,After
Batch1,10,Cycle,Base Substitution,2479,1.00,31.00,30.40,0.60,After
Batch1,10,Cycle,Base Insertion,2479,0.00,45.00,45.00,0.00,After
Batch1,10,Cycle,Base Deletion,2479,0.00,45.00,45.00,0.00,After
Batch1,100,Cycle,Base Substitution,2294,1.90,29.00,29.76,-0.76,After
Batch1,11,Cycle,Base Substitution,2488,2.00,30.00,30.39,-0.39,After
Batch1,11,Cycle,Base Insertion,2488,0.00,45.00,45.00,0.00,After
Batch1,11,Cycle,Base Deletion,2488,0.00,45.00,45.00,0.00,After
Batch1,12,Cycle,Base Substitution,2487,1.00,31.00,30.40,0.60,After
Batch1,12,Cycle,Base Insertion,2487,0.00,45.00,45.00,0.00,After
Batch1,12,Cycle,Base Deletion,2487,0.00,45.00,45.00,0.00,After
Batch1,13,Cycle,Base Substitution,2487,1.00,31.00,30.40,0.60,After
Batch1,13,Cycle,Base Insertion,2487,0.00,45.00,45.00,0.00,After
Batch1,13,Cycle,Base Deletion,2487,0.00,45.00,45.00,0.00,After
Batch1,14,Cycle,Base Substitution,2494,2.00,30.00,30.43,-0.43,After
Batch1,14,Cycle,Base Insertion,2494,0.00,45.00,45.00,0.00,After
Batch1,14,Cycle,Base Deletion,2494,0.33,45.00,45.00,0.00,After
Batch1,15,Cycle,Base Substitution,2487,0.00,31.00,30.41,0.59,After
Batch1,15,Cycle,Base Insertion,2487,0.00,45.00,45.00,0.00,After
Batch1,15,Cycle,Base Deletion,2487,0.33,45.00,45.00,0.00,After
Batch1,16,Cycle,Base Substitution,2489,3.00,30.00,30.41,-0.41,After
Batch1,16,Cycle,Base Insertion,2489,0.00,45.00,45.00,0.00,After
Batch1,16,Cycle,Base Deletion,2489,0.33,45.00,45.00,0.00,After
Batch1,17,Cycle,Base Substitution,2489,4.00,30.00,30.35,-0.35,After
Batch1,17,Cycle,Base Insertion,2489,0.00,45.00,45.00,0.00,After
Batch1,17,Cycle,Base Deletion,2489,0.00,45.00,45.00,0.00,After
Batch1,18,Cycle,Base Substitution,2487,1.00,31.00,30.43,0.57,After
Batch1,18,Cycle,Base Insertion,2487,0.00,45.00,45.00,0.00,After
Batch1,18,Cycle,Base Deletion,2487,0.00,45.00,45.00,0.00,After
Batch1,19,Cycle,Base Substitution,2479,2.00,30.00,30.44,-0.44,After
Batch1,19,Cycle,Base Insertion,2479,0.00,45.00,45.00,0.00,After
Batch1,19,Cycle,Base Deletion,2479,0.00,45.00,45.00,0.00,After
Batch1,2,Cycle,Base Substitution,2478,2.31,30.00,30.46,-0.46,After
Batch1,20,Cycle,Base Substitution,2486,6.00,30.00,30.43,-0.43,After
Batch1,20,Cycle,Base Insertion,2486,0.00,45.00,45.00,0.00,After
Batch1,20,Cycle,Base Deletion,2486,0.00,45.00,45.00,0.00,After
Batch1,21,Cycle,Base Substitution,2488,4.00,30.00,30.40,-0.40,After
Batch1,21,Cycle,Base Insertion,2488,0.00,45.00,45.00,0.00,After
Batch1,21,Cycle,Base Deletion,2488,0.00,45.00,45.00,0.00,After
Batch1,22,Cycle,Base Substitution,2486,0.00,31.00,30.42,0.58,After
Batch1,22,Cycle,Base Insertion,2485,1.00,45.00,45.00,0.00,After
Batch1,22,Cycle,Base Deletion,2485,0.00,45.00,45.00,0.00,After
Batch1,23,Cycle,Base Substitution,2484,3.00,30.00,30.41,-0.41,After
Batch1,23,Cycle,Base Insertion,2483,0.00,45.00,45.00,0.00,After
Batch1,23,Cycle,Base Deletion,2483,0.00,45.00,45.00,0.00,After
Batch1,24,Cycle,Base Substitution,2486,1.00,31.00,30.42,0.58,After
Batch1,24,Cycle,Base Insertion,2485,0.00,45.00,45.00,0.00,After
Batch1,24,Cycle,Base Deletion,2485,0.00,45.00,45.00,0.00,After
Batch1,25,Cycle,Base Substitution,2481,3.00,30.00,30.43,-0.43,After
Batch1,25,Cycle,Base Insertion,2480,0.00,45.00,45.00,0.00,After
Batch1,25,Cycle,Base Deletion,2480,0.00,45.00,45.00,0.00,After
Batch1,26,Cycle,Base Substitution,2488,3.00,30.00,30.40,-0.40,After
Batch1,26,Cycle,Base Insertion,2488,0.00,45.00,45.00,0.00,After
Batch1,26,Cycle,Base Deletion,2488,0.00,45.00,45.00,0.00,After
Batch1,27,Cycle,Base Substitution,2483,1.00,31.00,30.43,0.57,After
Batch1,27,Cycle,Base Insertion,2483,0.00,45.00,45.00,0.00,After
Batch1,27,Cycle,Base Deletion,2483,0.00,45.00,45.00,0.00,After
Batch1,28,Cycle,Base Substitution,2482,3.00,30.00,30.39,-0.39,After
Batch1,28,Cycle,Base Insertion,2482,0.00,45.00,45.00,0.00,After
Batch1,28,Cycle,Base Deletion,2482,0.33,45.00,45.00,0.00,After
Batch1,29,Cycle,Base Substitution,2488,1.00,31.00,30.40,0.60,After
Batch1,29,Cycle,Base Insertion,2488,0.00,45.00,45.00,0.00,After
Batch1,29,Cycle,Base Deletion,2488,0.33,45.00,45.00,0.00,After
Batch1,3,Cycle,Base Substitution,2485,3.31,30.00,30.40,-0.40,After
Batch1,30,Cycle,Base Substitution,2480,1.00,31.00,30.38,0.62,After
Batch1,30,Cycle,Base Insertion,2480,0.00,45.00,45.00,0.00,After
Batch1,30,Cycle,Base Deletion,2480,0.33,45.00,45.00,0.00,After
Batch1,31,Cycle,Base Substitution,2483,4.00,30.00,30.39,-0.39,After
Batch1,31,Cycle,Base Insertion,2483,1.00,45.00,45.00,0.00,After
Batch1,31,Cycle,Base Deletion,2483,0.00,45.00,45.00,0.00,After
Batch1,32,Cycle,Base Substitution,2484,2.00,30.00,30.38,-0.38,After
Batch1,32,Cycle,Base Insertion,2484,0.00,45.00,45.00,0.00,After
Batch1,32,Cycle,Base Deletion,2484,0.00,45.00,45.00,0.00,After
Batch1,33,Cycle,Base Substitution,2486,1.00,31.00,30.41,0.59,After
Batch1,33,Cycle,Base Insertion,2486,0.00,45.00,45.00,0.00,After
Batch1,33,Cycle,Base Deletion,2486,0.00,45.00,45.00,0.00,After
Batch1,34,Cycle,Base Substitution,2491,1.00,31.00,30.39,0.61,After
Batch1,34,Cycle,Base Insertion,2491,0.00,45.00,45.00,0.00,After
Batch1,34,Cycle,Base Deletion,2491,0.00,45.00,45.00,0.00,After
Batch1,35,Cycle,Base Substitution,2487,4.00,30.00,30.39,-0.39,After
Batch1,35,Cycle,Base Insertion,2487,0.00,45.00,45.00,0.00,After
Batch1,35,Cycle,Base Deletion,2487,0.00,45.00,45.00,0.00,After
Batch1,36,Cycle,Base Substitution,2482,1.00,31.00,30.40,0.60,After
Batch1,36,Cycle,Base Insertion,2482,0.00,45.00,45.00,0.00,After
Batch1,36,Cycle,Base Deletion,2482,0.00,45.00,45.00,0.00,After
Batch1,37,Cycle,Base Substitution,2476,1.00,31.00,30.38,0.62,After
Batch1,37,Cycle,Base Insertion,2476,0.00,45.00,45.00,0.00,After
Batch1,37,Cycle,Base Deletion,2476,0.00,45.00,45.00,0.00,After
Batch1,38,Cycle,Base Substitution,2485,3.00,30.00,30.39,-0.39,After
Batch1,38,Cycle,Base Insertion,2485,0.00,45.00,45.00,0.00,After
Batch1,38,Cycle,Base Deletion,2485,0.00,45.00,45.00,0.00,After
Batch1,39,Cycle,Base Substitution,2482,3.00,30.00,30.41,-0.41,After
Batch1,39,Cycle,Base Insertion,2482,0.00,45.00,45.00,0.00,After
Batch1,39,Cycle,Base Deletion,2482,0.00,45.00,45.00,0.00,After
Batch1,4,Cycle,Base Substitution,2476,3.31,30.00,30.34,-0.34,After
Batch1,40,Cycle,Base Substitution,2485,3.00,30.00,30.40,-0.40,After
Batch1,40,Cycle,Base Insertion,2485,0.00,45.00,45.00,0.00,After
Batch1,40,Cycle,Base Deletion,2485,0.00,45.00,45.00,0.00,After
Batch1,41,Cycle,Base Substitution,2486,0.00,31.00,30.39,0.61,After
Batch1,41,Cycle,Base Insertion,2486,0.00,45.00,45.00,0.00,After
Batch1,41,Cycle,Base Deletion,2486,0.00,45.00,45.00,0.00,After
Batch1,42,Cycle,Base Substitution,2484,2.00,30.00,30.38,-0.38,After
Batch1,42,Cycle,Base Insertion,2484,0.00,45.00,45.00,0.00,After
Batch1,42,Cycle,Base Deletion,2484,0.00,45.00,45.00,0.00,After
Batch1,43,Cycle,Base Substitution,2482,2.00,30.00,30.37,-0.37,After
Batch1,43,Cycle,Base Insertion,2482,0.00,45.00,45.00,0.00,After
Batch1,43,Cycle,Base Deletion,2482,0.00,45.00,45.00,0.00,After
Batch1,44,Cycle,Base Substitution,2482,2.00,30.00,30.36,-0.36,After
Batch1,44,Cycle,Base Insertion,2481,0.00,45.00,45.00,0.00,After
Batch1,44,Cycle,Base Deletion,2481,0.00,45.00,45.00,0.00,After
Batch1,45,Cycle,Base Substitution,2484,2.00,30.00,30.37,-0.37,After
Batch1,45,Cycle,Base Insertion,2483,0.00,45.00,45.00,0.00,After
Batch1,45,Cycle,Base Deletion,2483,0.00,45.00,45.00,0.00,After
Batch1,46,Cycle,Base Substitution,2487,4.00,30.00,30.32,-0.32,After
Batch1,46,Cycle,Base Insertion,2485,0.00,45.00,45.00,0.00,After
Batch1,46,Cycle,Base Deletion,2485,0.00,45.00,45.00,0.00,After
Batch1,47,Cycle,Base Substitution,2478,1.00,31.00,30.32,0.68,After
Batch1,47,Cycle,Base Insertion,2476,0.00,45.00,45.00,0.00,After
Batch1,47,Cycle,Base Deletion,2476,0.00,45.00,45.00,0.00,After
Batch1,48,Cycle,Base Substitution,2479,3.00,30.00,30.39,-0.39,After
Batch1,48,Cycle,Base Insertion,2478,0.00,45.00,45.00,0.00,After
Batch1,48,Cycle,Base Deletion,2478,0.00,45.00,45.00,0.00,After
Batch1,49,Cycle,Base Substitution,2478,2.00,30.00,30.30,-0.30,After
Batch1,49,Cycle,Base Insertion,2477,0.00,45.00,45.00,0.00,After
Batch1,49,Cycle,Base Deletion,2477,0.00,45.00,45.00,0.00,After
Batch1,5,Cycle,Base Substitution,2483,1.81,30.00,30.43,-0.43,After
Batch1,5,Cycle,Base Insertion,2483,0.00,45.00,45.00,0.00,After
Batch1,5,Cycle,Base Deletion,2483,0.00,45.00,45.00,0.00,After
Batch1,50,Cycle,Base Substitution,2476,2.00,30.00,30.35,-0.35,After
Batch1,50,Cycle,Base Insertion,2476,0.00,45.00,45.00,0.00,After
Batch1,50,Cycle,Base Deletion,2476,0.00,45.00,45.00,0.00,After
Batch1,51,Cycle,Base Substitution,2480,4.00,30.00,30.35,-0.35,After
Batch1,51,Cycle,Base Insertion,2480,0.00,45.00,45.00,0.00,After
Batch1,51,Cycle,Base Deletion,2480,0.00,45.00,45.00,0.00,After
Batch1,52,Cycle,Base Substitution,2481,2.00,30.00,30.34,-0.34,After
Batch1,52,Cycle,Base Insertion,2481,0.00,45.00,45.00,0.00,After
Batch1,52,Cycle,Base Deletion,2481,0.00,45.00,45.00,0.00,After
Batch1,53,Cycle,Base Substitution,2478,2.00,30.00,30.41,-0.41,After
Batch1,53,Cycle,Base Insertion,2478,0.00,45.00,45.00,0.00,After
Batch1,53,Cycle,Base Deletion,2478,0.00,45.00,45.00,0.00,After
Batch1,54,Cycle,Base Substitution,2483,2.00,30.00,30.33,-0.33,After
Batch1,54,Cycle,Base Insertion,2483,0.00,45.00,45.00,0.00,After
Batch1,54,Cycle,Base Deletion,2483,0.00,45.00,45.00,0.00,After
Batch1,55,Cycle,Base Substitution,2482,3.00,30.00,30.32,-0.32,After
Batch1,55,Cycle,Base Insertion,2482,0.00,45.00,45.00,0.00,After
Batch1,55,Cycle,Base Deletion,2482,0.00,45.00,45.00,0.00,After
Batch1,56,Cycle,Base Substitution,2473,2.00,30.00,30.35,-0.35,After
Batch1,56,Cycle,Base Insertion,2473,0.00,45.00,45.00,0.00,After
Batch1,56,Cycle,Base Deletion,2473,0.00,45.00,45.00,0.00,After
Batch1,57,Cycle,Base Substitution,2467,1.00,31.00,30.32,0.68,After
Batch1,57,Cycle,Base Insertion,2467,0.00,45.00,45.00,0.00,After
Batch1,57,Cycle,Base Deletion,2467,0.00,45.00,45.00,0.00,After
Batch1,58,Cycle,Base Substitution,2480,3.00,30.00,30.30,-0.30,After
Batch1,58,Cycle,Base Insertion,2480,0.00,45.00,45.00,0.00,After
Batch1,58,Cycle,Base Deletion,2480,0.00,45.00,45.00,0.00,After
Batch1,59,Cycle,Base Substitution,2477,3.00,30.00,30.32,-0.32,After
Batch1,59,Cycle,Base Insertion,2477,0.00,45.00,45.00,0.00,After
Batch1,59,Cycle,Base Deletion,2477,0.00,45.00,45.00,0.00,After
Batch1,6,Cycle,Base Substitution,2488,2.41,30.00,30.40,-0.40,After
Batch1,6,Cycle,Base Insertion,2488,0.00,45.00,45.00,0.00,After
Batch1,6,Cycle,Base Deletion,2488,0.00,45.00,45.00,0.00,After
Batch1,60,Cycle,Base Substitution,2478,1.00,31.00,30.28,0.72,After
Batch1,60,Cycle,Base Insertion,2478,0.00,45.00,45.00,0.00,After
Batch1,60,Cycle,Base Deletion,2478,0.00,45.00,45.00,0.00,After
Batch1,61,Cycle,Base Substitution,2483,1.00,31.00,30.31,0.69,After
Batch1,61,Cycle,Base Insertion,2483,0.00,45.00,45.00,0.00,After
Batch1,61,Cycle,Base Deletion,2483,0.00,45.00,45.00,0.00,After
Batch1,62,Cycle,Base Substitution,2474,3.00,30.00,30.29,-0.29,After
Batch1,62,Cycle,Base Insertion,2474,0.00,45.00,45.00,0.00,After
Batch1,62,Cycle,Base Deletion,2474,0.00,45.00,45.00,0.00,After
Batch1,63,Cycle,Base Substitution,2468,0.00,31.00,30.27,0.73,After
Batch1,63,Cycle,Base Insertion,2468,0.00,45.00,45.00,0.00,After
Batch1,63,Cycle,Base Deletion,2468,0.00,45.00,45.00,0.00,After
Batch1,64,Cycle,Base Substitution,2465,2.00,30.00,30.26,-0.26,After
Batch1,64,Cycle,Base Insertion,2465,0.00,45.00,45.00,0.00,After
Batch1,64,Cycle,Base Deletion,2465,0.00,45.00,45.00,0.00,After
Batch1,65,Cycle,Base Substitution,2477,1.00,31.00,30.25,0.75,After
Batch1,65,Cycle,Base Insertion,2476,0.00,45.00,45.00,0.00,After
Batch1,65,Cycle,Base Deletion,2476,0.00,45.00,45.00,0.00,After
Batch1,66,Cycle,Base Substitution,2472,0.00,31.00,30.27,0.73,After
Batch1,66,Cycle,Base Insertion,2470,0.33,45.00,45.00,0.00,After
Batch1,66,Cycle,Base Deletion,2470,0.00,45.00,45.00,0.00,After
Batch1,67,Cycle,Base Substitution,2473,3.00,30.00,30.19,-0.19,After
Batch1,67,Cycle,Base Insertion,2471,0.33,45.00,45.00,0.00,After
Batch1,67,Cycle,Base Deletion,2471,0.00,45.00,45.00,0.00,After
Batch1,68,Cycle,Base Substitution,2473,1.00,31.00,30.29,0.71,After
Batch1,68,Cycle,Base Insertion,2471,0.00,45.00,45.00,0.00,After
Batch1,68,Cycle,Base Deletion,2471,0.25,45.00,45.00,0.00,After
Batch1,69,Cycle,Base Substitution,2474,2.00,30.00,30.24,-0.24,After
Batch1,69,Cycle,Base Insertion,2473,0.00,45.00,45.00,0.00,After
Batch1,69,Cycle,Base Deletion,2473,0.25,45.00,45.00,0.00,After
Batch1,7,Cycle,Base Substitution,2484,1.41,31.00,30.41,0.59,After
Batch1,7,Cycle,Base Insertion,2484,0.00,45.00,45.00,0.00,After
Batch1,7,Cycle,Base Deletion,2484,0.00,45.00,45.00,0.00,After
Batch1,70,Cycle,Base Substitution,2464,1.00,31.00,30.20,0.80,After
Batch1,70,Cycle,Base Insertion,2464,0.00,45.00,45.00,0.00,After
Batch1,70,Cycle,Base Deletion,2464,0.25,45.00,45.00,0.00,After
Batch1,71,Cycle,Base Substitution,2460,1.00,31.00,30.26,0.74,After
Batch1,71,Cycle,Base Insertion,2460,0.00,45.00,45.00,0.00,After
Batch1,71,Cycle,Base Deletion,2460,0.25,45.00,45.00,0.00,After
Batch1,72,Cycle,Base Substitution,2473,3.00,30.00,30.20,-0.20,After
Batch1,72,Cycle,Base Insertion,2473,0.00,45.00,45.00,0.00,After
Batch1,72,Cycle,Base Deletion,2473,0.00,45.00,45.00,0.00,After
Batch1,73,Cycle,Base Substitution,2477,6.00,30.00,30.21,-0.21,After
Batch1,73,Cycle,Base Insertion,2477,0.00,45.00,45.00,0.00,After
Batch1,73,Cycle,Base Deletion,2477,0.00,45.00,45.00,0.00,After
Batch1,74,Cycle,Base Substitution,2474,4.00,30.00,30.22,-0.22,After
Batch1,74,Cycle,Base Insertion,2474,0.00,45.00,45.00,0.00,After
Batch1,74,Cycle,Base Deletion,2474,0.00,45.00,45.00,0.00,After
Batch1,75,Cycle,Base Substitution,2471,3.00,30.00,30.20,-0.20,After
Batch1,75,Cycle,Base Insertion,2471,0.00,45.00,45.00,0.00,After
Batch1,75,Cycle,Base Deletion,2471,0.00,45.00,45.00,0.00,After
Batch1,76,Cycle,Base Substitution,2478,0.00,31.00,30.22,0.78,After
Batch1,76,Cycle,Base Insertion,2478,0.00,45.00,45.00,0.00,After
Batch1,76,Cycle,Base Deletion,2478,0.00,45.00,45.00,0.00,After
Batch1,77,Cycle,Base Substitution,2471,2.00,30.00,30.18,-0.18,After
Batch1,77,Cycle,Base Insertion,2471,0.00,45.00,45.00,0.00,After
Batch1,77,Cycle,Base Deletion,2471,0.00,45.00,45.00,0.00,After
Batch1,78,Cycle,Base Substitution,2466,0.00,31.00,30.17,0.83,After
Batch1,78,Cycle,Base Insertion,2466,0.00,45.00,45.00,0.00,After
Batch1,78,Cycle,Base Deletion,2466,0.00,45.00,45.00,0.00,After
Batch1,79,Cycle,Base Substitution,2465,4.00,30.00,30.17,-0.17,After
Batch1,79,Cycle,Base Insertion,2465,0.00,45.00,45.00,0.00,After
Batch1,79,Cycle,Base Deletion,2465,0.00,45.00,45.00,0.00,After
Batch1,8,Cycle,Base Substitution,2479,3.12,30.00,30.43,-0.43,After
Batch1,8,Cycle,Base Insertion,2479,0.00,45.00,45.00,0.00,After
Batch1,8,Cycle,Base Deletion,2479,0.00,45.00,45.00,0.00,After
Batch1,80,Cycle,Base Substitution,2475,6.00,30.00,30.16,-0.16,After
Batch1,80,Cycle,Base Insertion,2475,0.00,45.00,45.00,0.00,After
Batch1,80,Cycle,Base Deletion,2475,0.00,45.00,45.00,0.00,After
Batch1,81,Cycle,Base Substitution,2459,2.00,30.00,30.16,-0.16,After
Batch1,81,Cycle,Base Insertion,2459,0.00,45.00,45.00,0.00,After
Batch1,81,Cycle,Base Deletion,2459,0.00,45.00,45.00,0.00,After
Batch1,82,Cycle,Base Substitution,2464,2.00,30.00,30.14,-0.14,After
Batch1,82,Cycle,Base Insertion,2464,0.00,45.00,45.00,0.00,After
Batch1,82,Cycle,Base Deletion,2464,0.00,45.00,45.00,0.00,After
Batch1,83,Cycle,Base Substitution,2468,3.00,30.00,30.13,-0.13,After
Batch1,83,Cycle,Base Insertion,2468,0.00,45.00,45.00,0.00,After
Batch1,83,Cycle,Base Deletion,2468,0.00,45.00,45.00,0.00,After
Batch1,84,Cycle,Base Substitution,2462,3.00,30.00,30.09,-0.09,After
Batch1,84,Cycle,Base Insertion,2461,0.00,45.00,45.00,0.00,After
Batch1,84,Cycle,Base Deletion,2461,0.00,45.00,45.00,0.00,After
Batch1,85,Cycle,Base Substitution,2461,1.00,31.00,30.04,0.96,After
Batch1,85,Cycle,Base Insertion,2459,0.00,45.00,45.00,0.00,After
Batch1,85,Cycle,Base Deletion,2459,0.33,45.00,45.00,0.00,After
Batch1,86,Cycle,Base Substitution,2452,3.00,30.00,30.06,-0.06,After
Batch1,86,Cycle,Base Insertion,2450,0.00,45.00,45.00,0.00,After
Batch1,86,Cycle,Base Deletion,2450,0.67,45.00,45.00,0.00,After
Batch1,87,Cycle,Base Substitution,2465,5.00,30.00,30.01,-0.01,After
Batch1,87,Cycle,Base Insertion,2462,0.00,45.00,45.00,0.00,After
Batch1,87,Cycle,Base Deletion,2462,0.67,45.00,45.00,0.00,After
Batch1,88,Cycle,Base Substitution,2454,3.00,29.00,29.95,-0.95,After
Batch1,88,Cycle,Base Insertion,2452,0.00,45.00,45.00,0.00,After
Batch1,88,Cycle,Base Deletion,2452,0.33,45.00,45.00,0.00,After
Batch1,89,Cycle,Base Substitution,2457,1.00,30.00,29.93,0.07,After
Batch1,89,Cycle,Base Insertion,2456,0.00,45.00,45.00,0.00,After
Batch1,89,Cycle,Base Deletion,2456,0.00,45.00,45.00,0.00,After
Batch1,9,Cycle,Base Substitution,2488,2.00,30.00,30.41,-0.41,After
Batch1,9,Cycle,Base Insertion,2488,0.00,45.00,45.00,0.00,After
Batch1,9,Cycle,Base Deletion,2488,0.00,45.00,45.00,0.00,After
Batch1,90,Cycle,Base Substitution,2456,5.00,29.00,29.92,-0.92,After
Batch1,90,Cycle,Base Insertion,2453,0.00,45.00,45.00,0.00,After
Batch1,90,Cycle,Base Deletion,2453,0.00,45.00,45.00,0.00,After
Batch1,91,Cycle,Base Substitution,2452,3.00,29.00,29.86,-0.86,After
Batch1,91,Cycle,Base Insertion,2449,0.00,45.00,45.00,0.00,After
Batch1,91,Cycle,Base Deletion,2449,0.00,45.00,45.00,0.00,After
Batch1,92,Cycle,Base Substitution,2442,4.00,29.00,29.86,-0.86,After
Batch1,92,Cycle,Base Insertion,2427,0.00,45.00,45.00,0.00,After
Batch1,92,Cycle,Base Deletion,2427,0.00,45.00,45.00,0.00,After
Batch1,93,Cycle,Base Substitution,2449,2.00,29.00,29.87,-0.87,After
Batch1,93,Cycle,Base Insertion,2413,0.00,45.00,45.00,0.00,After
Batch1,93,Cycle,Base Deletion,2413,0.00,45.00,45.00,0.00,After
Batch1,94,Cycle,Base Substitution,2458,2.14,29.00,29.90,-0.90,After
Batch1,94,Cycle,Base Insertion,2319,0.00,45.00,45.00,0.00,After
Batch1,94,Cycle,Base Deletion,2319,0.00,45.00,45.00,0.00,After
Batch1,95,Cycle,Base Substitution,2448,7.14,29.00,29.85,-0.85,After
Batch1,95,Cycle,Base Insertion,2312,0.00,45.00,45.00,0.00,After
Batch1,95,Cycle,Base Deletion,2312,0.00,45.00,45.00,0.00,After
Batch1,96,Cycle,Base Substitution,2425,3.14,29.00,29.90,-0.90,After
Batch1,96,Cycle,Base Insertion,2302,0.00,45.00,45.00,0.00,After
Batch1,96,Cycle,Base Deletion,2302,0.00,45.00,45.00,0.00,After
Batch1,97,Cycle,Base Substitution,2407,3.39,29.00,29.85,-0.85,After
Batch1,98,Cycle,Base Substitution,2308,7.39,29.00,29.83,-0.83,After
Batch1,99,Cycle,Base Substitution,2306,2.89,29.00,29.78,-0.78,After
Batch1,27,QualityScore,Base Substitution,1923,55.00,24.00,27.00,-3.00,After
Batch1,28,QualityScore,Base Substitution,7760,90.89,24.00,28.00,-4.00,After
Batch1,29,QualityScore,Base Substitution,101608,114.66,29.00,29.00,0.00,After
Batch1,30,QualityScore,Base Substitution,96353,58.81,31.00,30.00,1.00,After
Batch1,31,QualityScore,Base Substitution,265574,155.14,32.00,31.00,1.00,After
Batch1,32,QualityScore,Base Substitution,20860,2.00,33.00,32.00,1.00,After
Batch1,45,QualityScore,Base Insertion,494078,7.67,45.00,45.00,0.00,After
Batch1,45,QualityScore,Base Deletion,494078,15.67,45.00,45.00,0.00,After
